anchorID, TransmitterID, 1, 2, 3, 4, 5, 6, 7, 8, 9, 10, 11, 12, 13, 14, 15, 16, 17, 18, 19, 20, 21, 22, 23, 24, 25, 26, 27, 28, 29, 30, 31, 32, 33, 34, 35, 36, 37, 38, 39, 40, 41, 42, 43, 44, 45, 46, 47, 48, 49, 50, 51, 52, 53, 54, 55, 56, 57, 58, 59, 60, 61, 62, 63, 64, 65, 66, 67, 68, 69, 70, 71, 72, 73, 74, 75, 76, 77, 78, 79, 80, 81, 82, 83, 84, 85, 86, 87, 88, 89, 90, 91, 92, 93, 94, 95, 96, 97, 98, 99, 100, 101, 102, 103, 104, 105, 106, 107, 108, 109, 110, 111, 112, 113, 114, 115, 116, 117, 118, 119, 120, Avg, Distance
Bed2, A2, -73, -91, -87, -73, -88, -74, -89, -69, -73, -69, -69, -69, -69, -75, -69, -86, -70, -76, -86, -76, -77, -83, -80, -84, -82, -71, -82, -74, -75, -71, -85, -80, -84, -83, -75, -70, -70, -74, -74, -70, -68, -69, -69, -81, -74, -75, -75, -82, -75, -82, -69, -75, -80, -76, -86, -71, -70, -77, -71, -85, -70, -76, -76, -75, -75, -71, -74, -85, -76, -69, -74, -74, -75, -87, -87, -75, -91, -75, -89, -70, -69, -86, -70, -83, -71, -71, -76, -71, -75, -71, -70, -70, -74, -85, -70, -75, -75, -86, -80, -70, -71, -71, -70, -70, -70, -70, -86, -70, -86, -84, -74, -73, -70, -73, -89, -86, -70, -75, -76.14406779661017, 3.4
Bed2, E15, -73, -73, -72, -68, -75, -68, -68, -68, -72, -74, -72, -74, -74, -68, -75, -73, -74, -74, -68, -72, -72, -74, -74, -73, -73, -68, -73, -68, -72, -74, -72, -74, -73, -72, -74, -72, -73, -72, -69, -68, -74, -68, -73, -68, -73, -68, -68, -68, -74, -74, -74, -74, -68, -68, -74, -74, -74, -72, -68, -72, -68, -75, -68, -68, -73, -73, -73, -68, -68, -68, -69, -69, -74, -74, -72, -73, -73, -74, -68, -68, -73, -74, -74, -68, -68, -72, -72, -75, -73, -74, -74, -72, -72, -72, -72, -72, -72, -73, -73, -74, -73, -73, -69, -68, -68, -74, -68, -73, -74, -68, -68, -74, -73, -72, -72, -68, -73, -73, -73, -71.59663865546219, 3.6
E15, Bed2, -73, -69, -69, -69, -73, -69, -79, -73, -73, -69, -79, -79, -73, -79, -73, -79, -69, -80, -73, -69, -79, -69, -69, -79, -79, -70, -79, -70, -73, -81, -73, -70, -79, -79, -69, -74, -69, -74, -73, -70, -69, -78, -77, -76, -74, -75, -77, -75, -76, -74, -69, -69, -69, -75, -70, -69, -75, -74, -69, -69, -69, -75, -69, -74, -75, -75, -69, -74, -74, -75, -69, -76, -69, -76, -76, -74, -76, -76, -76, -76, -68, -76, -76, -69, -71, -69, -72, -77, -68, -68, -80, -69, -69, -79, -69, -79, -69, -70, -79, -79, -79, -69, -79, -72, -72, -72, -72, -71, -69, -71, -79, -72, -80, -69, -69, -72, -80, -71, -79, -73.3781512605042, 3.6
E15, C3, -73, -76, -74, -81, -73, -73, -76, -73, -79, -73, -73, -81, -73, -75, -76, -80, -72, -72, -73, -80, -73, -72, -72, -73, -75, -72, -75, -79, -73, -79, -76, -73, -75, -75, -80, -82, -73, -75, -73, -81, -75, -80, -75, -75, -75, -75, -79, -75, -74, -74, -79, -76, -79, -75, -73, -73, -79, -80, -73, -73, -75, -72, -72, -72, -75, -79, -75, -73, -73, -75, -73, -79, -79, -73, -75, -75, -73, -79, -79, -75, -79, -78, -75, -79, -79, -75, -80, -75, -73, -75, -72, -75, -73, -75, -74, -75, -75, -73, -79, -79, -80, -80, -73, -74, -74, -73, -74, -80, -80, -74, -75, -75, -75, -79, -73, -73, -73, -80, -74, -75.52100840336135, 2.8
C3, E15, -73, -78, -73, -72, -74, -74, -73, -74, -78, -73, -78, -78, -74, -78, -72, -78, -79, -78, -73, -72, -72, -74, -77, -77, -74, -78, -77, -73, -77, -72, -72, -73, -79, -78, -77, -71, -73, -73, -71, -78, -74, -78, -73, -72, -78, -73, -72, -78, -72, -74, -71, -78, -78, -73, -72, -78, -73, -71, -78, -78, -79, -70, -70, -78, -72, -77, -72, -73, -79, -78, -74, -71, -79, -73, -77, -74, -72, -72, -78, -72, -74, -79, -71, -79, -74, -74, -73, -73, -73, -79, -79, -73, -73, -72, -79, -78, -73, -78, -73, -73, -79, -74, -73, -78, -72, -79, -74, -73, -72, -73, -74, -73, -72, -79, -72, -79, -79, -74, -78, -74.8655462184874, 2.8
C3, E14, -70, -74, -76, -70, -75, -76, -70, -74, -74, -74, -70, -70, -77, -76, -76, -75, -70, -76, -76, -73, -74, -77, -71, -76, -77, -73, -77, -75, -70, -69, -69, -74, -73, -69, -74, -69, -70, -74, -74, -70, -76, -69, -70, -74, -74, -74, -69, -76, -70, -69, -74, -76, -77, -76, -76, -74, -69, -70, -69, -76, -69, -76, -74, -77, -69, -73, -73, -70, -75, -68, -76, -69, -77, -76, -76, -69, -69, -68, -76, -74, -69, -77, -75, -77, -74, -74, -69, -76, -74, -70, -69, -77, -70, -77, -76, -74, -69, -75, -73, -76, -76, -76, -74, -76, -69, -75, -75, -70, -70, -78, -70, -76, -69, -77, -77, -76, -70, -78, -73, -73.23529411764706, 3.7
E14, C3, -63, -61, -77, -68, -77, -60, -67, -63, -76, -63, -64, -68, -62, -69, -60, -60, -63, -68, -61, -62, -69, -78, -61, -63, -62, -68, -63, -69, -72, -63, -62, -68, -72, -62, -72, -72, -70, -63, -63, -63, -61, -77, -69, -72, -63, -69, -61, -60, -67, -61, -61, -62, -72, -69, -69, -68, -69, -61, -72, -70, -68, -77, -68, -63, -63, -69, -64, -68, -69, -69, -77, -68, -73, -61, -68, -68, -68, -69, -69, -62, -70, -62, -71, -61, -63, -62, -73, -63, -64, -67, -62, -64, -72, -70, -76, -69, -76, -61, -62, -70, -63, -63, -62, -61, -66, -64, -60, -66, -66, -69, -75, -65, -74, -67, -68, -67, -70, -64, -70, -66.71428571428571, 3.7
E14, Bed10, -56, -57, -66, -67, -55, -56, -62, -56, -66, -56, -56, -66, -63, -66, -56, -57, -66, -57, -54, -57, -56, -65, -54, -56, -63, -63, -57, -56, -57, -55, -57, -54, -57, -56, -66, -64, -56, -56, -66, -63, -65, -56, -65, -56, -65, -63, -55, -55, -54, -63, -54, -65, -65, -56, -65, -54, -65, -55, -55, -56, -56, -56, -53, -62, -55, -66, -57, -54, -56, -56, -66, -65, -58, -58, -62, -67, -53, -54, -65, -66, -58, -53, -56, -58, -62, -56, -67, -67, -56, -56, -58, -54, -54, -54, -58, -68, -56, -58, -65, -62, -62, -67, -67, -54, -62, -55, -62, -56, -56, -54, -54, -56, -58, -67, -62, -67, -56, -62, -56, -59.26890756302521, 4.4
Bed4, E11, -48, -48, -61, -59, -59, -48, -59, -53, -49, -52, -58, -67, -49, -53, -52, -67, -53, -52, -49, -67, -61, -61, -57, -59, -58, -61, -57, -53, -57, -57, -67, -67, -61, -61, -53, -57, -48, -48, -52, -49, -61, -61, -67, -59, -67, -48, -59, -48, -61, -48, -52, -57, -52, -52, -59, -53, -48, -57, -57, -52, -52, -49, -58, -67, -57, -59, -57, -67, -52, -52, -61, -58, -48, -59, -59, -59, -59, -67, -60, -59, -61, -61, -49, -61, -61, -59, -52, -68, -67, -68, -59, -48, -48, -52, -48, -52, -59, -49, -57, -57, -47, -47, -52, -67, -67, -59, -48, -52, -68, -68, -49, -52, -59, -52, -57, -52, -59, -48, -56.46610169491525, 0.97
Bed4, D2, -43, -40, -42, -49, -52, -39, -43, -38, -52, -39, -52, -52, -39, -39, -38, -43, -51, -39, -50, -39, -50, -50, -52, -52, -41, -38, -51, -39, -42, -50, -50, -40, -41, -50, -51, -50, -50, -41, -38, -50, -50, -50, -43, -39, -43, -43, -38, -39, -52, -38, -42, -43, -39, -50, -43, -41, -52, -43, -38, -39, -52, -38, -43, -50, -50, -40, -39, -38, -51, -52, -50, -38, -44, -38, -42, -50, -50, -50, -38, -39, -39, -38, -38, -43, -40, -50, -43, -38, -39, -39, -44, -39, -50, -50, -52, -41, -39, -41, -38, -39, -42, -50, -39, -40, -43, -39, -39, -38, -50, -50, -52, -50, -52, -40, -51, -38, -50, -50, -38, -44.142857142857146, 1.92
Bed4, 100, -59, -61, -63, -54, -67, -60, -59, -54, -60, -57, -59, -52, -63, -58, -54, -55, -63, -61, -59, -54, -58, -61, -61, -55, -60, -51, -67, -52, -55, -63, -59, -51, -63, -59, -63, -67, -52, -51, -54, -57, -58, -67, -54, -51, -59, -51, -59, -67, -63, -54, -54, -54, -59, -59, -54, -67, -63, -67, -59, -59, -59, -67, -58, -59, -59, -54, -53, -58, -51, -67, -67, -57, -67, -52, -54, -51, -59, -63, -66, -58, -63, -60, -54, -61, -52, -63, -54, -54, -59, -52, -55, -59, -59, -59, -51, -54, -59, -61, -54, -54, -59, -67, -63, -63, -55, -59, -52, -63, -51, -67, -67, -55, -54, -59, -52, -67, -59, -58, -52, -58.378151260504204, 2.31
Bed4, C4, -61, -63, -72, -61, -61, -65, -65, -61, -60, -63, -70, -65, -61, -60, -66, -64, -68, -64, -70, -72, -65, -68, -73, -74, -62, -62, -74, -63, -69, -60, -74, -74, -65, -66, -69, -66, -62, -69, -62, -63, -65, -61, -69, -72, -59, -65, -69, -65, -65, -66, -71, -66, -63, -61, -63, -75, -74, -66, -61, -63, -69, -69, -75, -75, -66, -67, -65, -65, -61, -65, -66, -66, -72, -63, -61, -75, -75, -72, -66, -69, -62, -66, -71, -60, -61, -68, -68, -72, -62, -69, -66, -66, -60, -68, -62, -63, -61, -69, -62, -63, -59, -65, -72, -62, -66, -65, -65, -65, -61, -60, -74, -60, -63, -60, -65, -72, -65, -60, -74, -65.92436974789916, 3.2
E11, Bed4, -62, -58, -58, -58, -68, -68, -61, -58, -67, -67, -69, -62, -67, -69, -61, -68, -59, -57, -68, -62, -58, -69, -69, -62, -58, -62, -58, -68, -62, -61, -61, -58, -58, -61, -61, -68, -58, -62, -58, -61, -69, -62, -58, -69, -59, -68, -68, -68, -68, -68, -62, -68, -69, -59, -62, -67, -59, -58, -58, -68, -62, -62, -59, -62, -62, -62, -62, -58, -58, -58, -68, -68, -62, -68, -68, -62, -68, -68, -58, -58, -69, -62, -62, -58, -67, -62, -65, -68, -62, -68, -61, -58, -62, -58, -58, -69, -62, -58, -62, -58, -59, -58, -69, -69, -68, -58, -67, -58, -62, -68, -68, -68, -68, -68, -58, -58, -69, -58, -62, -63.04201680672269, 0.97
E11, E10, -64, -72, -73, -64, -64, -72, -74, -71, -72, -71, -64, -64, -72, -73, -72, -64, -71, -72, -72, -71, -72, -71, -65, -64, -64, -72, -65, -73, -71, -71, -73, -64, -72, -72, -65, -72, -73, -64, -65, -72, -64, -72, -63, -71, -64, -72, -64, -72, -71, -73, -64, -64, -64, -72, -73, -64, -64, -72, -71, -64, -73, -73, -64, -71, -73, -74, -71, -64, -65, -73, -72, -72, -72, -73, -64, -65, -73, -64, -64, -64, -74, -64, -71, -64, -65, -64, -73, -73, -73, -71, -64, -64, -64, -72, -71, -73, -65, -72, -71, -65, -72, -64, -72, -65, -73, -72, -71, -73, -73, -72, -72, -72, -73, -72, -73, -64, -74, -73, -65, -69.17647058823529, 3.13
E11, C9, -73, -68, -78, -73, -78, -73, -73, -74, -73, -79, -78, -79, -73, -68, -73, -68, -74, -78, -68, -68, -79, -68, -78, -73, -79, -78, -73, -78, -73, -79, -68, -68, -78, -79, -68, -73, -74, -79, -68, -73, -79, -68, -73, -78, -68, -73, -80, -68, -73, -68, -79, -80, -68, -73, -79, -68, -68, -68, -73, -68, -73, -80, -73, -79, -73, -73, -73, -68, -73, -68, -73, -81, -73, -68, -73, -79, -68, -73, -68, -74, -80, -74, -68, -68, -73, -73, -78, -73, -68, -79, -73, -73, -68, -73, -73, -74, -73, -73, -68, -73, -68, -73, -68, -68, -74, -74, -73, -73, -79, -73, -78, -74, -73, -73, -80, -73, -80, -73, -79, -73.36974789915966, 3.79
E11, D2, -73, -73, -72, -73, -70, -72, -71, -71, -70, -72, -70, -73, -71, -73, -74, -73, -74, -70, -74, -73, -73, -71, -70, -74, -73, -71, -70, -73, -72, -72, -72, -73, -71, -73, -73, -70, -73, -73, -73, -70, -72, -72, -73, -72, -73, -73, -70, -71, -72, -70, -73, -70, -73, -73, -71, -72, -73, -71, -73, -71, -71, -72, -73, -73, -71, -72, -70, -72, -72, -73, -72, -73, -70, -73, -70, -71, -70, -71, -72, -70, -73, -71, -73, -73, -73, -70, -70, -73, -71, -71, -71, -74, -70, -73, -71, -73, -71, -70, -71, -74, -71, -71, -70, -73, -71, -70, -73, -70, -70, -73, -71, -73, -72, -73, -70, -70, -73, -73, -73, -71.82352941176471, 2.69
E11, 100, -67, -64, -67, -65, -67, -66, -64, -67, -67, -67, -65, -65, -64, -64, -67, -65, -64, -66, -65, -67, -67, -67, -68, -64, -64, -64, -67, -65, -68, -65, -64, -64, -66, -65, -67, -63, -64, -64, -67, -63, -66, -67, -65, -66, -66, -67, -63, -66, -66, -67, -65, -67, -67, -63, -65, -66, -67, -65, -65, -63, -67, -65, -64, -67, -64, -65, -64, -67, -64, -66, -65, -63, -66, -67, -64, -63, -64, -67, -67, -63, -66, -67, -64, -66, -63, -66, -67, -67, -62, -67, -66, -65, -67, -64, -64, -65, -63, -66, -67, -67, -67, -66, -64, -67, -64, -63, -64, -64, -67, -67, -67, -64, -64, -64, -67, -64, -68, -65, -64, -65.39495798319328, 3.22
E10, Bed4, -73, -71, -74, -72, -70, -73, -72, -75, -72, -74, -73, -73, -71, -73, -71, -72, -75, -75, -75, -75, -75, -70, -75, -71, -70, -70, -74, -71, -71, -75, -73, -73, -70, -74, -75, -75, -77, -74, -70, -75, -75, -75, -71, -75, -73, -74, -75, -75, -73, -70, -74, -74, -71, -75, -71, -75, -70, -73, -73, -73, -70, -74, -73, -75, -70, -73, -75, -73, -74, -74, -74, -73, -74, -70, -74, -74, -73, -73, -74, -73, -74, -72, -73, -71, -71, -71, -73, -73, -72, -74, -74, -74, -70, -71, -74, -71, -73, -74, -72, -75, -74, -71, -73, -74, -72, -72, -72, -75, -70, -73, -75, -76, -75, -75, -73, -73, -73, -71, -70, -72.97478991596638, 4.1
E10, E11, -70, -72, -65, -71, -71, -71, -70, -65, -65, -71, -71, -70, -65, -73, -66, -72, -71, -70, -70, -73, -71, -71, -72, -72, -70, -73, -71, -65, -73, -72, -64, -73, -72, -65, -65, -72, -72, -72, -72, -65, -72, -65, -65, -73, -72, -72, -70, -73, -73, -66, -71, -65, -65, -65, -70, -72, -65, -70, -72, -65, -73, -71, -72, -71, -70, -73, -66, -72, -70, -71, -70, -73, -72, -73, -72, -65, -65, -66, -72, -71, -71, -70, -65, -73, -71, -65, -65, -72, -72, -73, -71, -70, -70, -64, -71, -71, -72, -72, -72, -70, -66, -73, -72, -71, -65, -73, -73, -66, -71, -70, -72, -71, -71, -72, -70, -72, -70, -73, -71, -69.95798319327731, 3.13
E10, C9, -69, -71, -73, -70, -69, -70, -71, -73, -73, -73, -69, -70, -69, -73, -71, -69, -73, -71, -73, -70, -73, -73, -73, -70, -73, -73, -71, -69, -69, -71, -70, -73, -70, -71, -70, -69, -70, -70, -70, -70, -70, -73, -70, -73, -73, -70, -69, -73, -70, -73, -73, -73, -69, -70, -69, -70, -70, -73, -71, -70, -70, -71, -70, -73, -70, -70, -74, -70, -70, -74, -74, -70, -74, -70, -73, -70, -69, -70, -74, -70, -73, -70, -70, -73, -70, -70, -70, -73, -73, -73, -70, -73, -73, -69, -69, -73, -69, -70, -70, -69, -70, -73, -73, -73, -70, -69, -73, -70, -70, -70, -69, -73, -73, -73, -70, -73, -70, -69, -73, -71.09243697478992, 2.18
C9, E10, -69, -75, -71, -71, -69, -73, -74, -69, -73, -69, -68, -68, -71, -73, -70, -72, -75, -67, -70, -70, -74, -69, -69, -74, -69, -70, -70, -70, -70, -70, -70, -72, -71, -74, -71, -69, -69, -69, -70, -73, -69, -74, -74, -74, -69, -70, -70, -74, -74, -69, -69, -70, -69, -69, -74, -71, -74, -71, -74, -70, -71, -73, -73, -70, -71, -70, -69, -74, -71, -74, -73, -69, -74, -71, -69, -74, -70, -73, -74, -74, -73, -69, -71, -69, -73, -72, -74, -71, -73, -70, -74, -74, -74, -69, -70, -73, -74, -71, -71, -69, -73, -69, -69, -73, -70, -69, -74, -69, -74, -69, -71, -71, -69, -71, -74, -73, -71, -71, -69, -71.24369747899159, 2.18
C9, E11, -79, -74, -74, -74, -69, -74, -79, -79, -73, -74, -79, -68, -74, -69, -79, -68, -74, -74, -74, -73, -78, -74, -74, -69, -79, -74, -74, -74, -74, -68, -68, -68, -74, -79, -69, -68, -79, -74, -80, -69, -74, -73, -79, -69, -78, -74, -78, -68, -80, -74, -74, -69, -78, -74, -69, -79, -79, -74, -74, -74, -74, -74, -69, -69, -69, -74, -79, -69, -73, -74, -69, -79, -79, -69, -78, -74, -79, -79, -74, -74, -74, -74, -74, -79, -74, -68, -73, -79, -79, -74, -68, -74, -69, -79, -69, -78, -73, -74, -69, -79, -68, -78, -74, -68, -69, -68, -74, -78, -80, -68, -69, -74, -74, -68, -73, -68, -69, -69, -74, -73.60504201680672, 3.79
C9, E8, -81, -81, -79, -88, -79, -90, -83, -83, -78, -78, -91, -78, -78, -78, -88, -78, -78, -78, -89, -79, -79, -78, -88, -78, -89, -90, -78, -83, -82, -89, -89, -82, -83, -82, -90, -79, -92, -79, -84, -79, -79, -93, -84, -78, -89, -77, -82, -78, -88, -82, -88, -82, -78, -83, -83, -78, -89, -78, -78, -80, -78, -84, -78, -88, -88, -90, -78, -89, -88, -83, -78, -84, -84, -79, -91, -92, -79, -93, -79, -83, -82, -91, -79, -79, -83, -78, -89, -79, -87, -89, -88, -88, -89, -78, -79, -88, -83, -77, -74, -78, -82, -89, -82, -89, -77, -82, -79, -83, -82, -91, -93, -87, -84, -82, -82, -78, -82, -89, -88, -83.19327731092437, 3.4
Bed10, E14, -65, -66, -66, -65, -66, -67, -68, -66, -67, -65, -65, -65, -67, -65, -67, -67, -66, -67, -67, -67, -67, -65, -65, -67, -65, -65, -66, -67, -67, -65, -68, -67, -65, -66, -69, -67, -66, -66, -69, -66, -68, -68, -68, -66, -66, -68, -66, -66, -67, -68, -65, -66, -66, -68, -66, -68, -66, -69, -66, -66, -68, -65, -68, -68, -67, -66, -65, -67, -67, -65, -65, -65, -65, -65, -67, -65, -67, -65, -65, -67, -65, -65, -67, -65, -65, -68, -68, -66, -66, -66, -65, -65, -67, -67, -65, -65, -68, -67, -65, -68, -65, -66, -67, -65, -65, -66, -66, -65, -66, -69, -66, -65, -65, -68, -65, -68, -66, -65, -65, -66.27731092436974, 4.4
Bed10, 100, -70, -70, -76, -74, -73, -75, -73, -73, -76, -71, -73, -70, -70, -76, -69, -70, -71, -73, -71, -73, -75, -76, -72, -70, -73, -75, -76, -71, -75, -70, -71, -75, -73, -75, -70, -73, -74, -70, -76, -72, -76, -77, -75, -75, -71, -70, -73, -75, -77, -73, -70, -77, -73, -77, -77, -71, -70, -71, -73, -77, -77, -72, -77, -70, -76, -77, -72, -77, -71, -74, -73, -73, -77, -73, -73, -73, -73, -77, -77, -73, -73, -70, -77, -71, -73, -78, -73, -73, -78, -72, -77, -78, -70, -77, -71, -74, -77, -71, -73, -73, -76, -76, -77, -77, -77, -77, -77, -72, -77, -77, -71, -76, -72, -71, -70, -73, -77, -76, -70, -73.69747899159664, 4.05
A2, Bed2, -75, -68, -67, -74, -71, -69, -72, -73, -73, -68, -68, -72, -67, -75, -68, -74, -67, -73, -68, -78, -77, -68, -76, -68, -78, -74, -68, -67, -74, -78, -68, -78, -68, -78, -68, -74, -74, -76, -73, -68, -76, -76, -68, -68, -75, -73, -68, -79, -67, -67, -68, -74, -74, -77, -68, -74, -68, -68, -68, -77, -68, -68, -74, -68, -68, -74, -77, -76, -77, -77, -68, -74, -68, -73, -77, -68, -77, -68, -68, -75, -78, -68, -77, -78, -77, -67, -73, -78, -79, -80, -68, -74, -78, -68, -68, -68, -72, -68, -73, -68, -68, -73, -68, -68, -77, -73, -73, -73, -68, -73, -73, -68, -68, -68, -68, -73, -74, -74, -68, -71.90756302521008, 3.4
A2, C4, -71, -66, -68, -72, -72, -71, -67, -68, -66, -72, -66, -67, -66, -67, -72, -66, -70, -67, -70, -67, -65, -67, -66, -71, -67, -66, -67, -71, -68, -66, -67, -70, -68, -70, -71, -67, -68, -66, -68, -66, -67, -66, -66, -70, -67, -66, -66, -62, -66, -66, -66, -70, -67, -70, -67, -68, -67, -71, -66, -67, -70, -66, -70, -71, -66, -66, -67, -67, -71, -67, -70, -70, -71, -66, -67, -67, -66, -71, -68, -71, -66, -68, -66, -67, -70, -68, -70, -66, -66, -67, -67, -71, -66, -70, -66, -67, -71, -70, -67, -67, -67, -67, -71, -68, -71, -70, -66, -67, -70, -71, -66, -68, -65, -67, -66, -67, -71, -66, -72, -67.95798319327731, 2.25
C4, A2, -67, -67, -72, -73, -67, -66, -68, -72, -71, -67, -66, -66, -67, -70, -67, -71, -71, -71, -68, -71, -71, -67, -67, -71, -67, -68, -71, -72, -71, -71, -68, -66, -67, -67, -69, -68, -67, -66, -71, -71, -71, -72, -66, -71, -71, -71, -67, -71, -71, -72, -72, -71, -67, -66, -66, -71, -72, -69, -67, -66, -66, -67, -66, -68, -72, -71, -68, -71, -72, -67, -66, -68, -67, -71, -67, -70, -66, -67, -66, -71, -66, -67, -66, -68, -71, -66, -67, -71, -67, -67, -72, -67, -67, -71, -71, -68, -72, -67, -68, -71, -66, -67, -67, -71, -71, -67, -71, -66, -66, -62, -67, -72, -67, -67, -72, -67, -72, -71, -68.72881355932203, 2.25
C4, Bed4, -73, -75, -76, -77, -73, -73, -77, -77, -74, -70, -74, -76, -76, -75, -76, -73, -74, -75, -71, -74, -76, -71, -70, -74, -74, -71, -71, -75, -76, -74, -76, -71, -71, -70, -71, -71, -75, -74, -75, -74, -75, -74, -74, -76, -74, -74, -74, -76, -75, -74, -75, -74, -76, -74, -70, -74, -74, -74, -76, -71, -76, -76, -71, -74, -71, -75, -76, -69, -75, -74, -71, -71, -75, -76, -76, -71, -74, -77, -74, -71, -76, -76, -70, -75, -70, -76, -74, -74, -71, -75, -73, -75, -76, -76, -70, -71, -71, -76, -70, -77, -69, -69, -73, -73, -73, -73, -73, -70, -76, -76, -75, -75, -76, -70, -74, -76, -76, -74, -76, -73.73949579831933, 3.2
C4, D2, -78, -73, -79, -62, -79, -78, -72, -72, -80, -79, -73, -73, -78, -62, -78, -63, -72, -62, -72, -72, -72, -63, -79, -62, -62, -62, -79, -62, -72, -72, -79, -72, -72, -78, -62, -72, -62, -72, -78, -62, -79, -62, -63, -78, -71, -79, -62, -78, -62, -63, -80, -63, -78, -72, -62, -62, -73, -62, -79, -63, -62, -73, -72, -72, -62, -62, -62, -73, -73, -62, -72, -62, -72, -72, -72, -74, -72, -72, -72, -78, -62, -62, -78, -62, -72, -74, -78, -78, -72, -78, -62, -79, -71, -71, -72, -72, -71, -72, -72, -72, -63, -78, -72, -62, -78, -72, -62, -77, -62, -72, -78, -62, -62, -72, -62, -72, -79, -72, -78, -70.57142857142857, 2.94
D2, Bed4, -53, -55, -55, -52, -53, -53, -53, -52, -52, -53, -52, -53, -55, -53, -52, -53, -52, -54, -55, -52, -53, -54, -55, -54, -52, -55, -54, -55, -54, -53, -54, -54, -53, -52, -53, -54, -54, -55, -52, -53, -53, -54, -55, -53, -54, -53, -54, -52, -54, -55, -53, -53, -54, -53, -54, -53, -52, -52, -54, -54, -53, -53, -53, -54, -54, -53, -52, -54, -54, -53, -53, -52, -52, -54, -52, -55, -53, -52, -54, -54, -55, -52, -53, -53, -53, -55, -54, -52, -53, -52, -54, -54, -52, -53, -54, -54, -53, -55, -53, -52, -52, -53, -53, -55, -53, -53, -52, -54, -55, -52, -53, -54, -54, -55, -53, -53, -52, -54, -53, -53.33613445378151, 1.92
D2, E11, -77, -75, -74, -73, -78, -77, -77, -77, -74, -76, -75, -74, -77, -75, -77, -77, -77, -75, -78, -75, -74, -76, -73, -76, -73, -76, -76, -77, -76, -73, -76, -74, -76, -77, -77, -77, -76, -77, -75, -76, -73, -75, -75, -77, -75, -77, -77, -73, -74, -73, -75, -76, -73, -75, -73, -77, -76, -77, -73, -77, -74, -74, -74, -74, -77, -77, -75, -78, -77, -75, -74, -76, -78, -74, -75, -77, -74, -77, -75, -74, -78, -76, -77, -74, -78, -74, -74, -77, -76, -74, -77, -77, -74, -76, -77, -77, -76, -74, -77, -74, -76, -77, -76, -74, -74, -74, -76, -76, -77, -76, -77, -74, -77, -77, -77, -77, -77, -77, -75, -75.63025210084034, 2.69
D2, C4, -77, -76, -77, -74, -66, -73, -66, -66, -77, -76, -76, -66, -77, -66, -72, -72, -77, -72, -66, -76, -75, -66, -73, -73, -77, -72, -66, -66, -72, -76, -72, -66, -78, -78, -66, -72, -66, -74, -65, -72, -72, -72, -76, -73, -75, -65, -76, -76, -73, -77, -66, -72, -79, -72, -78, -78, -72, -77, -66, -78, -76, -76, -72, -74, -76, -74, -66, -66, -73, -73, -66, -73, -73, -66, -65, -74, -76, -74, -73, -73, -74, -74, -76, -76, -72, -66, -73, -77, -73, -77, -77, -77, -77, -77, -66, -77, -62, -77, -77, -73, -77, -66, -73, -74, -66, -67, -73, -71, -72, -73, -78, -66, -72, -78, -77, -72, -78, -71, -71, -72.58823529411765, 2.94
D2, 100, -67, -72, -66, -73, -66, -68, -69, -62, -74, -66, -68, -73, -72, -66, -62, -62, -68, -66, -68, -66, -68, -74, -66, -68, -68, -68, -73, -66, -73, -68, -72, -72, -66, -68, -68, -68, -68, -69, -68, -66, -68, -68, -69, -72, -68, -68, -72, -74, -73, -68, -67, -72, -69, -68, -68, -69, -68, -66, -66, -68, -68, -66, -68, -72, -66, -66, -68, -69, -68, -66, -68, -66, -68, -68, -68, -66, -68, -72, -68, -66, -72, -68, -73, -68, -68, -72, -73, -68, -66, -66, -73, -74, -68, -68, -68, -72, -68, -67, -72, -68, -66, -68, -73, -66, -68, -66, -68, -68, -68, -68, -72, -71, -71, -71, -69, -66, -69, -68, -68, -68.59663865546219, 3
100, Bed4, -62, -68, -62, -63, -62, -63, -63, -68, -63, -62, -68, -68, -68, -64, -70, -68, -64, -63, -63, -69, -64, -62, -62, -69, -63, -68, -64, -69, -68, -63, -64, -69, -68, -69, -68, -68, -63, -69, -63, -63, -63, -63, -63, -63, -62, -63, -64, -64, -68, -62, -63, -62, -64, -63, -68, -68, -63, -68, -62, -63, -63, -68, -68, -68, -63, -68, -68, -62, -63, -63, -76, -63, -61, -63, -69, -63, -62, -62, -62, -62, -61, -68, -68, -62, -63, -63, -69, -68, -62, -68, -64, -64, -64, -68, -62, -63, -63, -69, -63, -69, -63, -68, -62, -63, -63, -69, -68, -63, -68, -68, -68, -63, -63, -63, -68, -64, -63, -68, -68, -65.01680672268908, 2.31
100, E11, -66, -67, -66, -66, -65, -67, -66, -65, -65, -66, -65, -66, -65, -67, -66, -65, -66, -67, -66, -66, -65, -65, -65, -66, -66, -66, -66, -66, -65, -66, -66, -65, -66, -65, -66, -66, -66, -66, -67, -65, -64, -64, -65, -66, -65, -65, -65, -62, -66, -67, -67, -66, -65, -66, -66, -65, -65, -67, -65, -65, -66, -66, -66, -66, -67, -66, -66, -67, -65, -65, -66, -66, -65, -65, -66, -65, -65, -66, -65, -65, -65, -66, -66, -66, -64, -67, -66, -65, -66, -66, -65, -66, -66, -66, -66, -65, -67, -66, -64, -66, -67, -64, -66, -65, -67, -66, -66, -67, -67, -66, -66, -67, -66, -66, -66, -66, -66, -66, -65, -65.72268907563026, 3.22
100, Bed10, -77, -77, -70, -69, -76, -70, -69, -69, -69, -76, -69, -69, -70, -70, -77, -77, -70, -71, -77, -70, -70, -77, -70, -77, -77, -70, -70, -70, -70, -77, -69, -70, -70, -70, -70, -70, -70, -70, -70, -69, -77, -76, -70, -70, -77, -70, -69, -70, -79, -70, -69, -70, -69, -70, -70, -70, -70, -70, -77, -76, -70, -77, -76, -76, -70, -76, -76, -69, -69, -70, -70, -70, -69, -70, -76, -70, -77, -69, -70, -71, -70, -70, -71, -70, -70, -70, -70, -69, -76, -76, -70, -77, -75, -70, -75, -69, -71, -71, -75, -70, -71, -70, -76, -69, -76, -69, -70, -70, -69, -70, -70, -69, -76, -70, -78, -77, -76, -69, -68, -71.81512605042016, 4.05
100, D2, -71, -65, -65, -65, -67, -72, -65, -72, -68, -65, -66, -71, -65, -67, -71, -66, -71, -68, -72, -72, -66, -67, -65, -65, -72, -68, -67, -68, -71, -67, -73, -67, -65, -73, -67, -65, -65, -66, -72, -66, -68, -65, -71, -73, -73, -67, -67, -72, -67, -67, -67, -67, -67, -67, -65, -70, -65, -67, -67, -71, -71, -67, -67, -65, -71, -67, -70, -72, -67, -71, -65, -66, -64, -68, -65, -65, -70, -65, -65, -66, -71, -71, -67, -65, -71, -67, -65, -67, -65, -66, -71, -71, -70, -67, -67, -65, -71, -66, -70, -67, -72, -65, -70, -67, -67, -73, -65, -65, -71, -67, -71, -71, -66, -72, -65, -71, -67, -67, -67, -67.96638655462185, 3
E8, C9, -72, -68, -63, -77, -74, -77, -68, -68, -87, -68, -84, -63, -68, -77, -84, -72, -72, -69, -68, -63, -77, -68, -68, -75, -72, -64, -63, -64, -67, -64, -88, -72, -92, -67, -77, -72, -66, -68, -69, -63, -76, -83, -63, -69, -63, -68, -67, -63, -72, -63, -63, -76, -68, -68, -76, -73, -73, -73, -68, -69, -69, -83, -84, -84, -69, -78, -78, -68, -72, -77, -72, -67, -75, -73, -72, -63, -76, -64, -84, -76, -68, -77, -85, -67, -76, -76, -64, -76, -68, -68, -87, -64, -65, -65, -73, -77, -65, -81, -79, -68, -77, -77, -69, -68, -64, -64, -68, -85, -64, -88, -64, -89, -69, -69, -64, -81, -88, -69, -72.05084745762711, 3.4
E8, E10, -80, -70, -71, -70, -84, -71, -74, -69, -70, -70, -69, -70, -70, -70, -78, -71, -70, -79, -74, -80, -75, -69, -74, -68, -69, -71, -78, -80, -82, -80, -72, -68, -68, -73, -72, -69, -71, -81, -69, -68, -80, -72, -71, -73, -68, -71, -81, -72, -77, -71, -71, -77, -70, -72, -72, -68, -72, -68, -71, -80, -72, -78, -73, -79, -68, -70, -72, -72, -78, -71, -69, -70, -70, -79, -73, -75, -69, -73, -71, -70, -74, -74, -80, -72, -72, -79, -79, -83, -79, -71, -71, -71, -81, -71, -71, -80, -80, -71, -71, -74, -71, -82, -70, -72, -83, -71, -75, -72, -80, -84, -84, -74, -68, -73, -71, -80, -71, -71, -71, -73.5546218487395, 5.58
