anchorID, TransmitterID, POI, 1, 2, 3, 4, 5, 6, 7, 8, 9, 10, 11, 12, 13, 14, 15, 16, 17, 18, 19, 20, 21, 22, 23, 24, 25, 26, 27, 28, 29, 30, 31, 32, 33, 34, 35, 36, 37, 38, 39, 40, 41, 42, 43, 44, 45, 46, 47, 48, 49, 50, 51, 52, 53, 54, 55, 56, 57, 58, 59, 60, 61, 62, 63, 64, 65, 66, 67, 68, 69, 70, 71, 72, 73, 74, 75, 76, 77, 78, 79, 80, 81, 82, 83, 84, 85, 86, 87, 88, 89, 90, 91, 92, 93, 94, 95, 96, 97, 98, 99, 100, 101, 102, 103, 104, 105, 106, 107, 108, 109, 110, 111, 112, 113, 114, 115, 116, 117, 118, 119, 120, Avg, Distance
E15, b2, 1, -62, -62, -59, -59, -59, -59, -62, -62, -62, -59, -59, -59, -62, -62, -58, -56, -58, -63, -63, -63, -57, -57, -58, -58, -58, -61, -57, -57, -58, -60, -60, -60, -60, -56, -56, -58, -60, -60, -60, -60, -56, -56, -56, -58, -58, -57, -58, -61, -61, -56, -56, -58, -58, -61, -61, -61, -56, -56, -56, -57, -60, -60, -56, -58, -61, -61, -56, -56, -58, -61, -61, -55, -57, -57, -57, -56, -56, -56, -57, -57, -57, -60, -60, -56, -55, -55, -61, -56, -57, -57, -57, -57, -61, -61, -57, -61, -61, -61, -57, -57, -57, -57, -57, -60, -60, -60, -60, -60, -60, -60, -55, -57, -57, -57, -57, -57, -57, -57, -60, -58.49579831932773, 1.37
Bed2, b2, 1, -67, -72, -68, -68, -68, -68, -83, -81, -71, -71, -72, -76, -78, -78, -78, -72, -72, -72, -77, -79, -79, -80, -72, -71, -73, -72, -72, -82, -83, -71, -70, -71, -71, -71, -84, -77, -72, -72, -71, -66, -66, -66, -68, -68, -70, -70, -70, -63, -68, -66, -65, -68, -67, -67, -66, -66, -66, -66, -67, -67, -66, -65, -62, -62, -62, -66, -66, -66, -63, -64, -65, -65, -64, -66, -68, -68, -68, -66, -66, -66, -67, -67, -67, -67, -67, -66, -66, -67, -67, -67, -69, -69, -68, -68, -68, -67, -67, -67, -67, -68, -68, -68, -67, -67, -66, -67, -69, -69, -69, -68, -68, -66, -66, -68, -68, -66, -68, -65, -69, -69.10084033613445, 1.21
A2, b2, 1, -74, -70, -72, -72, -72, -72, -72, -72, -72, -73, -73, -74, -73, -73, -73, -74, -74, -73, -72, -73, -73, -73, -73, -73, -73, -73, -73, -73, -73, -73, -73, -73, -73, -73, -73, -74, -74, -73, -73, -72, -74, -73, -73, -73, -73, -73, -72, -73, -73, -73, -73, -73, -73, -73, -72, -72, -73, -73, -72, -72, -73, -73, -74, -74, -72, -72, -72, -73, -73, -73, -73, -72, -72, -73, -73, -74, -73, -73, -72, -73, -73, -73, -73, -74, -72, -72, -72, -73, -73, -74, -72, -72, -72, -75, -72, -72, -70, -82, -76, -76, -71, -71, -71, -77, -72, -71, -71, -74, -72, -73, -73, -73, -73, -74, -73, -73, -72, -72, -72, -72.88235294117646, 3.96
C4, b2, 1, -75, -75, -80, -88, -76, -76, -81, -81, -80, -81, -88, -87, -76, -76, -76, -76, -75, -75, -76, -76, -76, -78, -78, -87, -76, -76, -76, -76, -76, -77, -79, -88, -88, -88, -81, -75, -75, -76, -76, -76, -76, -76, -76, -76, -77, -77, -77, -77, -76, -86, -76, -76, -77, -76, -76, -86, -87, -88, -87, -76, -77, -76, -76, -76, -76, -87, -87, -76, -76, -76, -76, -76, -76, -76, -75, -87, -87, -76, -76, -76, -76, -86, -86, -86, -77, -77, -77, -75, -75, -75, -75, -76, -76, -76, -87, -89, -76, -76, -76, -78, -78, -78, -94, -78, -77, -77, -74, -74, -76, -77, -77, -77, -77, -77, -77, -88, -76, -76, -76, -78.60504201680672, 4.82
Bed4, b2, 1, -72, -70, -79, -79, -79, -66, -66, -72, -79, -79, -67, -67, -67, -73, -72, -72, -79, -79, -67, -73, -73, -82, -83, -67, -68, -74, -73, -83, -83, -67, -67, -73, -83, -83, -83, -67, -67, -67, -77, -79, -79, -68, -67, -67, -67, -67, -67, -67, -73, -82, -68, -73, -73, -81, -68, -73, -73, -73, -81, -80, -80, -67, -67, -73, -80, -77, -77, -73, -73, -73, -73, -80, -81, -81, -81, -67, -67, -67, -67, -73, -81, -81, -81, -67, -73, -81, -81, -67, -73, -73, -81, -81, -67, -67, -67, -67, -81, -81, -81, -82, -67, -68, -67, -73, -73, -81, -82, -67, -74, -74, -81, -81, -70, -78, -77, -77, -80, -80, -68, -74.04201680672269, 6.15
Bed10, b2, 1, -65, -68, -68, -68, -68, -68, -74, -73, -64, -67, -68, -69, -78, -78, -65, -65, -65, -76, -76, -65, -69, -77, -77, -68, -68, -64, -65, -68, -68, -77, -77, -65, -74, -68, -68, -69, -65, -65, -76, -69, -74, -74, -64, -68, -68, -68, -68, -68, -65, -68, -68, -68, -69, -64, -64, -65, -68, -68, -69, -68, -67, -66, -72, -72, -71, -68, -67, -67, -72, -72, -69, -68, -68, -69, -69, -69, -73, -70, -70, -86, -86, -72, -63, -62, -67, -89, -90, -68, -73, -73, -76, -76, -72, -72, -72, -72, -68, -68, -76, -67, -72, -63, -76, -66, -66, -68, -76, -68, -72, -63, -63, -66, -67, -68, -68, -68, -68, -67, -77, -69.83193277310924, 10.24
E14, b2, 1, -84, -80, -86, -86, -86, -71, -71, -88, -86, -88, -88, -88, -71, -71, -71, -80, -87, -85, -84, -84, -81, -86, -85, -76, -74, -74, -74, -86, -85, -85, -85, -73, -73, -86, -86, -84, -68, -72, -78, -78, -78, -71, -82, -82, -87, -82, -82, -88, -88, -81, -81, -81, -81, -77, -81, -81, -74, -74, -74, -80, -80, -80, -84, -84, -84, -84, -84, -84, -84, -71, -71, -72, -80, -80, -80, -80, -80, -74, -88, -84, -72, -85, -85, -85, -75, -71, -71, -86, -86, -89, -87, -87, -87, -87, -87, -87, -87, -83, -83, -83, -83, -83, -83, -91, -91, -91, -91, -91, -85, -85, -88, -77, -80, -89, -89, -89, -89, -70, -87, -81.78151260504201, 8.53
E15, b2, 2, -57, -58, -61, -58, -60, -60, -61, -60, -60, -60, -60, -60, -60, -60, -61, -61, -61, -60, -60, -62, -61, -61, -59, -60, -60, -61, -62, -62, -62, -61, -60, -60, -61, -61, -61, -61, -61, -60, -60, -59, -61, -61, -61, -61, -61, -60, -59, -59, -61, -60, -59, -59, -61, -61, -60, -59, -59, -61, -61, -60, -60, -59, -59, -59, -61, -60, -60, -60, -60, -59, -61, -61, -61, -60, -60, -60, -60, -61, -61, -61, -60, -60, -59, -60, -61, -61, -60, -60, -60, -59, -59, -61, -61, -60, -60, -60, -60, -59, -61, -60, -60, -60, -59, -61, -61, -60, -60, -60, -62, -66, -66, -66, -66, -66, -66, -66, -60, -61, -60, -60.563025210084035, 1.61
Bed2, b2, 2, -63, -70, -71, -64, -80, -81, -69, -69, -69, -69, -82, -68, -68, -68, -68, -81, -69, -69, -68, -64, -64, -78, -69, -64, -77, -78, -78, -70, -70, -70, -63, -79, -79, -79, -79, -79, -63, -63, -63, -78, -69, -63, -63, -64, -80, -77, -77, -69, -69, -69, -65, -77, -77, -70, -69, -63, -64, -64, -64, -64, -79, -79, -69, -69, -69, -82, -69, -69, -65, -65, -85, -69, -69, -64, -64, -77, -77, -69, -69, -64, -64, -64, -64, -64, -69, -69, -70, -69, -65, -83, -68, -69, -69, -65, -80, -80, -68, -68, -66, -65, -65, -81, -81, -81, -69, -69, -65, -65, -66, -85, -83, -69, -69, -66, -66, -69, -66, -65, -65, -70.38655462184875, 1.29
A2, b2, 2, -68, -68, -68, -70, -68, -68, -68, -68, -67, -71, -68, -68, -68, -67, -72, -67, -68, -68, -67, -67, -67, -67, -71, -67, -68, -68, -71, -71, -71, -71, -72, -72, -67, -67, -67, -67, -67, -72, -71, -68, -68, -67, -67, -67, -67, -67, -71, -68, -68, -68, -72, -71, -71, -71, -68, -68, -68, -72, -72, -68, -68, -68, -72, -72, -71, -71, -71, -68, -68, -68, -68, -72, -73, -73, -68, -67, -67, -67, -72, -67, -68, -67, -67, -67, -67, -67, -67, -68, -68, -68, -68, -68, -72, -68, -67, -67, -67, -67, -67, -66, -66, -67, -67, -67, -67, -67, -68, -67, -67, -67, -67, -67, -67, -67, -67, -68, -67, -67, -72, -68.45378151260505, 3.08
C4, b2, 2, -74, -75, -75, -75, -70, -70, -77, -75, -75, -75, -74, -74, -72, -76, -77, -77, -76, -77, -73, -73, -73, -77, -77, -77, -76, -76, -76, -74, -74, -74, -75, -77, -76, -76, -73, -74, -75, -75, -75, -77, -73, -73, -73, -73, -77, -73, -74, -76, -75, -77, -74, -74, -75, -75, -76, -76, -76, -74, -74, -75, -76, -76, -77, -77, -77, -77, -76, -76, -75, -76, -76, -75, -75, -74, -75, -77, -77, -77, -75, -75, -75, -78, -77, -77, -76, -76, -75, -75, -75, -75, -74, -74, -75, -75, -78, -78, -78, -73, -73, -77, -77, -73, -75, -75, -74, -74, -76, -76, -76, -76, -72, -72, -75, -74, -74, -76, -72, -74, -74, -75.10924369747899, 3.89
Bed4, b2, 2, -74, -74, -76, -76, -80, -78, -77, -77, -77, -77, -79, -78, -78, -78, -77, -78, -78, -78, -78, -77, -78, -78, -78, -78, -78, -77, -77, -78, -78, -78, -78, -78, -78, -78, -75, -74, -72, -73, -73, -73, -73, -82, -82, -75, -76, -74, -89, -89, -88, -87, -74, -75, -75, -77, -77, -76, -76, -75, -75, -92, -91, -91, -91, -76, -76, -75, -75, -75, -75, -75, -78, -78, -76, -76, -76, -76, -76, -76, -76, -77, -76, -76, -76, -76, -79, -76, -76, -76, -76, -77, -78, -78, -75, -75, -76, -76, -76, -76, -77, -77, -77, -77, -75, -75, -75, -75, -78, -76, -76, -76, -76, -76, -76, -76, -76, -78, -78, -76, -76, -77.33613445378151, 5.38
Bed10, b2, 2, -75, -75, -63, -61, -61, -70, -70, -70, -70, -61, -63, -63, -68, -68, -68, -72, -71, -71, -71, -71, -72, -71, -79, -70, -70, -62, -62, -62, -77, -77, -63, -62, -62, -70, -70, -70, -63, -63, -63, -63, -71, -71, -71, -71, -62, -62, -62, -69, -69, -74, -62, -62, -69, -69, -70, -70, -63, -72, -72, -62, -72, -72, -62, -63, -72, -68, -69, -69, -69, -63, -72, -77, -62, -62, -62, -72, -77, -77, -64, -63, -72, -62, -62, -69, -69, -62, -72, -63, -77, -68, -67, -63, -72, -63, -63, -63, -63, -63, -62, -63, -63, -62, -77, -77, -77, -63, -62, -69, -69, -69, -63, -63, -72, -72, -72, -72, -77, -69, -64, -67.75630252100841, 9.88
E14, b2, 2, -81, -81, -69, -70, -70, -70, -74, -71, -87, -87, -87, -79, -79, -79, -89, -89, -83, -68, -68, -68, -68, -68, -87, -87, -87, -87, -68, -79, -87, -87, -78, -67, -77, -76, -76, -76, -78, -78, -78, -68, -70, -70, -87, -87, -87, -87, -71, -71, -71, -68, -68, -68, -68, -81, -82, -82, -82, -82, -81, -81, -85, -85, -85, -85, -76, -85, -75, -75, -75, -75, -87, -87, -76, -76, -85, -85, -85, -85, -85, -85, -86, -85, -85, -85, -76, -76, -76, -76, -76, -84, -85, -85, -85, -85, -86, -75, -75, -75, -75, -75, -75, -86, -92, -94, -85, -85, -75, -75, -84, -84, -84, -84, -84, -84, -81, -81, -81, -74, -80, -79.50420168067227, 8.57
E15, b2, 3, -84, -84, -64, -64, -60, -64, -64, -64, -68, -59, -63, -63, -67, -65, -66, -60, -64, -65, -65, -64, -61, -60, -61, -61, -64, -64, -64, -65, -65, -65, -67, -67, -65, -65, -63, -62, -66, -65, -65, -65, -65, -62, -62, -65, -65, -65, -65, -65, -65, -66, -66, -66, -61, -66, -66, -65, -65, -63, -66, -66, -65, -65, -65, -65, -62, -65, -65, -65, -65, -65, -65, -62, -65, -66, -65, -65, -65, -65, -62, -62, -65, -65, -66, -65, -65, -65, -65, -62, -62, -64, -64, -65, -65, -65, -65, -65, -64, -64, -64, -60, -60, -64, -64, -64, -59, -63, -64, -60, -60, -60, -63, -64, -60, -63, -63, -64, -60, -60, -60, -64.21008403361344, 2.29
Bed2, b2, 3, -65, -65, -68, -64, -64, -71, -71, -71, -67, -68, -64, -69, -69, -68, -68, -68, -69, -70, -70, -70, -70, -70, -70, -68, -68, -68, -67, -67, -67, -70, -70, -70, -69, -70, -68, -70, -69, -67, -67, -68, -69, -70, -70, -67, -69, -69, -69, -67, -68, -68, -70, -69, -69, -68, -67, -68, -68, -69, -68, -68, -68, -68, -68, -70, -70, -70, -68, -69, -69, -69, -69, -69, -68, -69, -68, -68, -68, -68, -68, -69, -69, -68, -68, -68, -68, -68, -69, -68, -68, -68, -68, -68, -69, -68, -68, -70, -70, -71, -70, -66, -66, -67, -69, -69, -69, -69, -69, -70, -70, -70, -69, -69, -69, -69, -71, -71, -71, -69, -69, -68.57142857142857, 1.93
A2, b2, 3, -68, -69, -68, -72, -71, -67, -68, -68, -68, -73, -67, -67, -67, -70, -70, -72, -68, -68, -68, -68, -72, -68, -68, -68, -69, -69, -69, -69, -69, -69, -69, -69, -69, -70, -70, -68, -68, -68, -68, -69, -69, -72, -72, -72, -68, -69, -69, -69, -70, -70, -72, -72, -72, -68, -72, -72, -72, -72, -68, -68, -68, -68, -72, -72, -68, -69, -72, -68, -69, -69, -70, -72, -68, -68, -68, -75, -75, -65, -67, -67, -67, -66, -67, -68, -70, -67, -68, -68, -68, -68, -69, -70, -72, -69, -69, -69, -69, -69, -69, -69, -69, -70, -70, -70, -69, -69, -70, -70, -70, -68, -70, -69, -69, -70, -69, -68, -69, -70, -70, -69.26890756302521, 2.2
C4, b2, 3, -73, -73, -74, -74, -70, -70, -70, -76, -74, -74, -74, -69, -69, -69, -75, -75, -74, -70, -76, -75, -75, -68, -68, -74, -72, -73, -73, -79, -80, -82, -73, -73, -73, -71, -83, -84, -83, -83, -74, -74, -74, -74, -69, -76, -76, -72, -72, -68, -69, -77, -76, -72, -72, -72, -72, -72, -69, -74, -74, -74, -69, -69, -69, -74, -74, -69, -69, -74, -74, -76, -68, -68, -68, -75, -75, -74, -74, -75, -75, -75, -74, -71, -70, -70, -70, -74, -70, -70, -74, -73, -73, -73, -70, -73, -73, -74, -74, -74, -74, -69, -69, -73, -74, -74, -74, -70, -69, -69, -69, -69, -69, -73, -73, -86, -78, -72, -68, -68, -76, -72.96638655462185, 2.92
Bed4, b2, 3, -69, -70, -70, -71, -71, -73, -73, -71, -70, -70, -73, -73, -73, -75, -77, -76, -76, -74, -74, -73, -73, -73, -73, -73, -75, -75, -75, -72, -72, -72, -73, -73, -73, -76, -72, -72, -70, -70, -72, -72, -70, -70, -70, -70, -70, -73, -73, -71, -71, -70, -70, -73, -73, -72, -73, -74, -74, -74, -74, -74, -74, -73, -72, -72, -74, -73, -74, -73, -72, -72, -74, -72, -71, -72, -72, -74, -74, -74, -74, -72, -73, -75, -76, -76, -76, -76, -76, -75, -76, -76, -75, -76, -75, -75, -73, -71, -73, -73, -72, -76, -78, -77, -76, -76, -73, -73, -70, -70, -72, -69, -68, -70, -70, -70, -72, -72, -69, -69, -69, -72.78991596638656, 4.63
Bed10, b2, 3, -67, -66, -66, -66, -66, -66, -66, -66, -75, -75, -71, -71, -71, -65, -66, -66, -66, -66, -87, -65, -65, -66, -80, -81, -65, -76, -67, -71, -70, -70, -65, -65, -71, -71, -71, -71, -71, -67, -66, -85, -85, -66, -66, -65, -67, -84, -83, -66, -66, -66, -66, -71, -84, -66, -66, -76, -76, -71, -66, -67, -75, -75, -67, -91, -92, -95, -95, -95, -67, -66, -66, -91, -91, -91, -75, -76, -67, -67, -67, -67, -65, -66, -66, -76, -67, -67, -67, -67, -67, -67, -76, -76, -75, -75, -67, -68, -68, -68, -75, -65, -65, -65, -65, -76, -76, -76, -75, -66, -66, -76, -76, -76, -76, -76, -66, -75, -66, -67, -66, -71.63025210084034, 9.58
E14, b2, 3, -77, -77, -90, -86, -85, -85, -90, -90, -80, -80, -80, -89, -84, -89, -89, -92, -92, -92, -92, -92, -89, -85, -75, -75, -75, -75, -75, -86, -86, -89, -90, -78, -78, -90, -90, -90, -90, -90, -90, -75, -77, -77, -77, -77, -83, -87, -87, -76, -79, -79, -79, -85, -85, -89, -89, -89, -86, -85, -76, -85, -86, -93, -91, -85, -85, -85, -85, -85, -93, -93, -77, -89, -89, -89, -74, -83, -80, -80, -80, -71, -74, -89, -89, -89, -89, -89, -74, -88, -87, -90, -83, -86, -86, -86, -87, -85, -83, -88, -88, -88, -89, -89, -89, -89, -86, -87, -90, -77, -80, -87, -87, -87, -87, -88, -88, -88, -77, -87, -78, -84.78991596638656, 8.71
E15, b2, 4, -65, -65, -66, -66, -63, -63, -64, -64, -67, -66, -67, -64, -64, -64, -64, -65, -64, -64, -65, -65, -65, -65, -64, -66, -68, -68, -65, -65, -65, -68, -68, -68, -68, -68, -68, -68, -68, -68, -66, -65, -65, -65, -66, -65, -64, -65, -65, -65, -65, -68, -69, -69, -72, -70, -68, -67, -67, -67, -70, -70, -68, -68, -68, -70, -70, -66, -66, -70, -70, -70, -73, -75, -68, -68, -68, -67, -68, -68, -68, -68, -70, -68, -68, -68, -68, -70, -70, -68, -69, -69, -67, -70, -69, -69, -68, -68, -68, -70, -70, -68, -68, -67, -70, -69, -69, -69, -68, -68, -68, -68, -69, -70, -68, -68, -68, -68, -68, -67, -70, -67.4201680672269, 3.11
Bed2, b2, 4, -72, -72, -75, -75, -75, -75, -74, -74, -75, -75, -75, -65, -65, -75, -75, -75, -75, -66, -67, -67, -67, -75, -75, -75, -75, -68, -66, -76, -75, -75, -76, -76, -76, -76, -66, -66, -76, -75, -77, -77, -66, -66, -75, -75, -75, -76, -75, -76, -76, -76, -76, -75, -75, -75, -75, -74, -73, -74, -67, -67, -67, -75, -76, -76, -67, -67, -67, -75, -77, -76, -76, -66, -66, -66, -75, -76, -75, -67, -67, -75, -76, -76, -76, -66, -66, -76, -76, -76, -67, -67, -67, -75, -76, -66, -66, -66, -66, -76, -76, -66, -66, -66, -66, -74, -74, -76, -75, -75, -66, -67, -67, -75, -75, -76, -75, -75, -66, -66, -75, -72.19327731092437, 2.76
A2, b2, 4, -76, -76, -67, -75, -74, -76, -76, -67, -75, -75, -76, -76, -76, -76, -73, -73, -73, -78, -68, -67, -74, -75, -80, -80, -78, -78, -67, -71, -74, -74, -74, -67, -65, -65, -65, -75, -75, -67, -66, -67, -67, -75, -75, -75, -75, -67, -66, -76, -74, -75, -75, -68, -67, -76, -74, -74, -68, -68, -76, -76, -76, -67, -67, -75, -76, -77, -75, -66, -66, -70, -75, -75, -68, -73, -73, -76, -76, -67, -67, -67, -67, -76, -76, -76, -76, -66, -62, -62, -75, -75, -75, -75, -75, -66, -66, -76, -76, -77, -76, -76, -76, -76, -76, -77, -77, -76, -75, -75, -75, -75, -75, -77, -76, -76, -75, -74, -74, -62, -76, -72.78151260504201, 1.45
C4, b2, 4, -64, -64, -65, -65, -73, -75, -72, -73, -73, -67, -66, -66, -66, -74, -74, -74, -74, -74, -76, -76, -77, -74, -74, -66, -67, -74, -74, -74, -72, -72, -68, -68, -71, -68, -67, -67, -75, -75, -74, -72, -72, -67, -75, -75, -74, -76, -68, -76, -76, -76, -79, -79, -79, -69, -68, -68, -69, -78, -77, -79, -79, -79, -79, -68, -77, -78, -79, -79, -79, -66, -66, -76, -76, -78, -78, -66, -66, -75, -75, -75, -75, -75, -66, -66, -66, -75, -77, -78, -78, -66, -66, -75, -75, -77, -78, -78, -66, -75, -78, -66, -66, -75, -80, -79, -79, -68, -77, -77, -77, -77, -66, -67, -67, -68, -80, -77, -77, -77, -67, -72.8655462184874, 1.96
Bed4, b2, 4, -79, -80, -81, -79, -79, -69, -69, -85, -85, -81, -81, -70, -71, -82, -79, -79, -79, -70, -70, -82, -81, -79, -79, -82, -82, -82, -82, -82, -82, -71, -71, -81, -81, -79, -79, -79, -79, -71, -71, -82, -83, -79, -79, -79, -79, -70, -71, -71, -85, -85, -82, -82, -74, -76, -76, -86, -86, -87, -87, -88, -88, -88, -81, -77, -81, -80, -80, -70, -70, -70, -70, -81, -82, -82, -82, -70, -81, -81, -83, -82, -83, -70, -70, -69, -69, -81, -81, -83, -83, -80, -81, -81, -82, -69, -69, -69, -80, -81, -82, -82, -82, -82, -81, -81, -81, -70, -70, -81, -81, -82, -82, -70, -70, -82, -83, -81, -81, -69, -69, -78.4201680672269, 4.0
Bed10, b2, 4, -82, -82, -77, -86, -81, -81, -71, -71, -87, -87, -89, -82, -82, -85, -86, -81, -91, -86, -86, -82, -82, -81, -81, -71, -87, -87, -74, -74, -74, -71, -85, -85, -73, -71, -73, -73, -80, -86, -76, -76, -82, -82, -71, -85, -85, -85, -85, -71, -72, -73, -76, -72, -81, -81, -86, -74, -74, -74, -74, -74, -87, -70, -73, -82, -73, -73, -75, -78, -84, -68, -68, -72, -72, -72, -71, -71, -68, -68, -90, -90, -85, -90, -90, -89, -87, -87, -73, -81, -74, -83, -83, -88, -88, -88, -71, -84, -71, -74, -77, -75, -75, -71, -86, -86, -87, -87, -72, -72, -86, -86, -86, -83, -82, -77, -86, -86, -81, -82, -74, -79.49579831932773, 9.38
E14, b2, 4, -88, -88, -88, -73, -84, -84, -84, -85, -85, -85, -85, -72, -72, -76, -72, -72, -72, -75, -75, -75, -70, -68, -74, -83, -73, -68, -82, -87, -87, -86, -86, -73, -81, -70, -70, -78, -84, -82, -88, -73, -71, -72, -82, -82, -83, -83, -74, -80, -85, -73, -73, -73, -72, -81, -81, -86, -86, -76, -76, -86, -82, -72, -72, -72, -91, -89, -70, -74, -74, -74, -88, -78, -78, -83, -92, -92, -92, -81, -71, -79, -79, -79, -79, -79, -79, -79, -79, -79, -85, -87, -88, -79, -79, -79, -79, -86, -75, -90, -89, -89, -89, -89, -78, -78, -78, -78, -89, -89, -89, -81, -72, -72, -88, -89, -89, -90, -84, -84, -71, -80.21848739495799, 8.95
E15, b2, 5, -70, -70, -70, -70, -73, -73, -68, -68, -67, -67, -74, -74, -72, -72, -67, -70, -69, -69, -70, -73, -73, -67, -69, -70, -70, -73, -68, -68, -68, -69, -70, -73, -72, -67, -67, -69, -69, -73, -72, -72, -67, -67, -69, -69, -72, -72, -72, -72, -67, -67, -70, -72, -72, -68, -68, -68, -68, -67, -67, -69, -69, -69, -67, -67, -67, -73, -73, -67, -67, -70, -70, -70, -72, -72, -67, -67, -68, -70, -70, -70, -73, -73, -73, -67, -72, -72, -72, -72, -68, -70, -70, -69, -72, -72, -72, -67, -67, -70, -70, -68, -68, -68, -70, -70, -70, -72, -68, -68, -68, -68, -67, -69, -70, -70, -73, -73, -72, -68, -68, -69.76470588235294, 4.0
Bed2, b2, 5, -76, -85, -85, -88, -88, -76, -77, -77, -77, -77, -77, -77, -81, -80, -81, -81, -76, -76, -76, -80, -80, -80, -80, -76, -77, -77, -77, -79, -74, -74, -74, -87, -88, -74, -74, -73, -73, -73, -74, -74, -74, -87, -84, -84, -74, -74, -74, -88, -87, -86, -74, -74, -74, -74, -74, -74, -74, -75, -75, -75, -75, -88, -86, -86, -76, -76, -75, -75, -78, -78, -78, -87, -84, -84, -84, -77, -82, -86, -86, -86, -79, -79, -79, -79, -79, -82, -82, -77, -83, -83, -83, -77, -77, -77, -77, -77, -80, -77, -77, -83, -85, -85, -85, -79, -77, -77, -77, -87, -87, -87, -87, -87, -88, -83, -83, -83, -86, -82, -81, -79.69747899159664, 3.65
A2, b2, 5, -68, -69, -66, -68, -67, -67, -69, -69, -68, -66, -67, -67, -67, -68, -66, -67, -66, -66, -68, -69, -69, -68, -68, -69, -69, -69, -67, -68, -67, -67, -67, -67, -67, -66, -66, -66, -66, -68, -66, -67, -68, -68, -68, -68, -68, -68, -68, -68, -68, -68, -66, -68, -68, -68, -67, -67, -67, -67, -68, -68, -67, -67, -68, -68, -68, -68, -68, -68, -67, -67, -68, -67, -67, -68, -68, -68, -68, -66, -67, -67, -67, -67, -68, -68, -68, -68, -68, -68, -68, -68, -68, -68, -68, -68, -69, -68, -67, -67, -67, -67, -68, -68, -68, -66, -67, -67, -68, -68, -67, -67, -67, -67, -67, -68, -68, -68, -68, -67, -67, -67.52100840336135, 1.09
C4, b2, 5, -71, -72, -71, -69, -69, -69, -69, -70, -70, -70, -72, -71, -69, -69, -69, -69, -69, -71, -71, -71, -70, -72, -72, -71, -71, -71, -70, -69, -72, -72, -74, -72, -72, -72, -71, -71, -71, -71, -71, -73, -73, -73, -71, -71, -70, -71, -71, -71, -73, -73, -70, -71, -70, -70, -72, -73, -73, -70, -70, -70, -72, -74, -73, -73, -70, -71, -71, -71, -73, -74, -71, -71, -71, -71, -73, -73, -73, -70, -70, -71, -72, -72, -73, -74, -74, -70, -70, -71, -75, -75, -75, -72, -73, -73, -73, -71, -71, -72, -71, -71, -71, -70, -71, -71, -71, -74, -74, -71, -71, -71, -71, -71, -71, -71, -71, -71, -71, -72, -71, -71.3781512605042, 1.01
Bed4, b2, 5, -74, -76, -70, -70, -70, -73, -73, -71, -71, -72, -73, -72, -68, -68, -68, -72, -72, -68, -75, -76, -76, -68, -72, -69, -69, -76, -76, -72, -73, -73, -68, -68, -68, -74, -73, -69, -79, -74, -74, -72, -68, -68, -73, -72, -72, -68, -68, -72, -73, -73, -67, -67, -67, -72, -72, -72, -68, -66, -66, -66, -66, -73, -73, -73, -73, -73, -72, -72, -72, -72, -72, -72, -67, -67, -73, -72, -72, -67, -67, -72, -72, -72, -72, -67, -67, -72, -72, -73, -73, -67, -72, -72, -72, -72, -72, -72, -67, -67, -67, -67, -73, -73, -73, -73, -73, -73, -68, -74, -74, -74, -68, -74, -73, -73, -70, -69, -69, -70, -76, -71.10924369747899, 3.53
Bed10, b2, 5, -88, -89, -88, -82, -82, -82, -82, -82, -73, -71, -75, -71, -88, -88, -88, -88, -74, -87, -87, -71, -91, -76, -87, -86, -86, -86, -81, -71, -70, -82, -71, -71, -71, -71, -71, -71, -83, -83, -83, -86, -86, -86, -87, -85, -85, -85, -92, -92, -92, -92, -74, -74, -91, -86, -86, -86, -71, -70, -81, -90, -81, -88, -88, -91, -91, -71, -71, -71, -71, -71, -71, -74, -74, -74, -90, -90, -92, -85, -91, -89, -93, -93, -74, -74, -85, -92, -92, -92, -77, -77, -77, -77, -85, -85, -95, -95, -85, -85, -85, -92, -92, -92, -92, -92, -75, -70, -90, -90, -91, -93, -83, -92, -88, -92, -92, -92, -75, -75, -75, -83.01680672268908, 9.29
E14, b2, 5, -82, -89, -89, -89, -74, -74, -84, -75, -75, -75, -84, -84, -89, -86, -86, -83, -83, -83, -83, -87, -87, -86, -86, -81, -81, -86, -86, -76, -85, -85, -85, -85, -74, -74, -73, -73, -87, -88, -86, -85, -85, -75, -83, -84, -86, -86, -86, -87, -87, -85, -74, -74, -87, -86, -75, -71, -80, -88, -86, -86, -77, -74, -74, -84, -76, -89, -84, -84, -85, -85, -85, -85, -85, -88, -86, -85, -85, -75, -75, -71, -71, -89, -86, -84, -77, -71, -71, -71, -85, -85, -85, -74, -74, -86, -86, -86, -71, -71, -87, -87, -86, -86, -86, -74, -74, -87, -77, -71, -71, -85, -85, -71, -74, -88, -89, -87, -87, -87, -87, -81.80672268907563, 9.31
E15, b2, 6, -69, -74, -73, -73, -73, -77, -72, -72, -72, -79, -79, -74, -74, -85, -71, -71, -71, -72, -72, -72, -72, -72, -72, -72, -73, -73, -74, -86, -86, -72, -72, -72, -75, -75, -83, -83, -73, -75, -75, -77, -82, -82, -72, -72, -76, -75, -75, -82, -83, -83, -83, -75, -74, -84, -84, -72, -75, -74, -74, -83, -80, -80, -74, -74, -74, -74, -75, -75, -84, -84, -84, -71, -71, -85, -87, -87, -74, -74, -74, -88, -88, -73, -73, -74, -74, -81, -73, -74, -74, -74, -74, -82, -82, -73, -73, -74, -74, -75, -83, -83, -83, -73, -73, -82, -82, -82, -82, -82, -73, -72, -72, -72, -84, -83, -73, -73, -75, -82, -72, -76.61344537815125, 4.52
Bed2, b2, 6, -72, -74, -74, -79, -78, -78, -78, -78, -78, -75, -75, -75, -72, -72, -74, -74, -74, -74, -71, -75, -75, -76, -70, -70, -75, -75, -77, -77, -70, -71, -71, -77, -77, -78, -78, -71, -71, -77, -76, -76, -76, -76, -70, -70, -70, -75, -75, -75, -76, -76, -76, -76, -76, -70, -75, -76, -76, -76, -76, -76, -78, -78, -76, -76, -76, -77, -76, -76, -76, -71, -70, -79, -79, -76, -76, -71, -71, -71, -79, -79, -79, -70, -70, -70, -78, -78, -78, -77, -77, -76, -76, -76, -72, -70, -70, -75, -75, -77, -77, -70, -70, -70, -75, -71, -71, -71, -71, -75, -76, -70, -71, -75, -75, -76, -76, -76, -75, -75, -75, -74.58823529411765, 4.7
A2, b2, 6, -74, -76, -76, -73, -73, -89, -76, -73, -73, -73, -73, -89, -76, -76, -76, -76, -76, -90, -89, -76, -76, -73, -73, -89, -90, -90, -76, -76, -73, -73, -76, -76, -77, -77, -72, -72, -75, -78, -72, -72, -75, -78, -78, -78, -78, -73, -94, -89, -77, -73, -73, -73, -79, -79, -79, -79, -89, -89, -89, -76, -74, -74, -84, -77, -77, -74, -74, -74, -74, -82, -82, -82, -82, -81, -81, -77, -77, -74, -74, -74, -74, -74, -74, -74, -73, -74, -74, -74, -87, -76, -76, -74, -89, -76, -76, -76, -76, -76, -76, -76, -86, -86, -76, -77, -77, -77, -88, -88, -88, -76, -76, -73, -87, -77, -73, -74, -74, -74, -90, -77.95798319327731, 2.19
C4, b2, 6, -71, -71, -75, -78, -76, -76, -73, -73, -73, -73, -74, -82, -73, -73, -74, -74, -74, -74, -74, -73, -73, -73, -74, -74, -82, -84, -72, -72, -73, -74, -82, -73, -73, -73, -82, -84, -84, -72, -72, -72, -70, -70, -78, -78, -78, -78, -69, -69, -69, -70, -76, -77, -71, -71, -71, -71, -71, -71, -70, -69, -69, -77, -71, -71, -71, -71, -81, -80, -73, -72, -71, -72, -80, -81, -80, -72, -72, -72, -72, -72, -80, -81, -81, -72, -72, -72, -72, -71, -81, -81, -70, -70, -81, -73, -72, -71, -80, -80, -80, -80, -80, -80, -81, -72, -72, -72, -72, -72, -81, -72, -70, -70, -70, -81, -81, -73, -72, -71, -77, -74.52100840336135, 1.18
Bed4, b2, 6, -74, -74, -75, -67, -82, -82, -82, -74, -74, -75, -75, -70, -78, -79, -79, -74, -74, -74, -70, -80, -80, -74, -74, -70, -70, -77, -74, -73, -73, -73, -73, -73, -74, -69, -69, -68, -68, -78, -78, -78, -73, -70, -70, -70, -89, -91, -76, -67, -68, -68, -75, -76, -76, -76, -68, -87, -75, -75, -75, -70, -70, -73, -73, -73, -69, -69, -79, -73, -73, -73, -73, -73, -73, -71, -71, -79, -78, -73, -73, -73, -71, -71, -71, -71, -74, -73, -71, -77, -77, -76, -73, -73, -74, -74, -72, -72, -78, -73, -73, -71, -71, -75, -77, -73, -70, -70, -76, -76, -76, -73, -72, -72, -72, -72, -73, -73, -73, -70, -75, -73.85714285714286, 2.37
Bed10, b2, 6, -67, -72, -64, -63, -68, -68, -68, -62, -62, -73, -77, -77, -62, -62, -64, -64, -68, -62, -63, -63, -63, -77, -61, -62, -61, -61, -69, -69, -62, -62, -73, -77, -68, -68, -62, -62, -73, -73, -65, -65, -65, -65, -65, -62, -73, -69, -76, -76, -62, -62, -73, -64, -64, -64, -67, -76, -68, -71, -72, -64, -64, -64, -64, -62, -62, -62, -62, -68, -68, -68, -68, -68, -65, -64, -64, -64, -64, -64, -73, -73, -64, -64, -69, -77, -77, -77, -64, -64, -69, -69, -69, -78, -78, -78, -64, -64, -65, -70, -70, -63, -64, -64, -64, -69, -72, -64, -64, -66, -66, -62, -62, -65, -65, -65, -65, -68, -68, -63, -63, -66.91596638655462, 8.31
E14, b2, 6, -71, -83, -83, -83, -83, -71, -69, -69, -69, -68, -73, -71, -77, -77, -70, -80, -83, -68, -65, -65, -71, -75, -75, -75, -75, -79, -80, -74, -74, -74, -69, -69, -80, -80, -80, -82, -81, -81, -69, -70, -71, -75, -70, -78, -69, -70, -69, -69, -69, -72, -72, -71, -70, -73, -73, -78, -78, -82, -68, -71, -71, -78, -79, -79, -79, -79, -84, -74, -74, -65, -70, -70, -70, -79, -79, -79, -69, -79, -70, -85, -69, -78, -68, -68, -81, -70, -69, -69, -69, -70, -70, -75, -71, -69, -69, -70, -71, -70, -79, -79, -74, -71, -71, -69, -69, -68, -68, -69, -69, -69, -71, -71, -77, -79, -69, -85, -85, -68, -80, -73.67226890756302, 8.79
E15, b2, 7, -72, -72, -72, -72, -73, -73, -73, -73, -74, -69, -70, -70, -70, -70, -70, -76, -76, -70, -70, -69, -75, -75, -75, -70, -70, -71, -70, -70, -70, -70, -77, -77, -77, -70, -71, -70, -70, -70, -70, -71, -72, -69, -71, -71, -74, -82, -90, -69, -69, -68, -72, -85, -85, -72, -71, -71, -71, -72, -72, -72, -75, -77, -75, -69, -69, -69, -70, -70, -72, -71, -77, -77, -71, -71, -71, -78, -78, -78, -78, -72, -72, -71, -71, -78, -78, -72, -71, -71, -74, -78, -74, -74, -74, -74, -74, -72, -71, -71, -71, -79, -71, -71, -72, -72, -72, -82, -72, -72, -73, -72, -72, -70, -77, -76, -72, -72, -72, -71, -71, -72.8655462184874, 4.57
Bed2, b2, 7, -81, -81, -77, -74, -85, -86, -86, -77, -74, -74, -82, -78, -80, -80, -71, -82, -82, -83, -83, -86, -81, -76, -73, -73, -74, -87, -76, -76, -76, -74, -89, -81, -78, -75, -76, -77, -77, -71, -72, -72, -80, -80, -71, -71, -70, -75, -76, -76, -76, -76, -80, -80, -73, -73, -80, -80, -73, -72, -79, -84, -87, -71, -71, -71, -71, -71, -81, -82, -78, -77, -73, -73, -84, -78, -78, -78, -78, -73, -84, -83, -78, -77, -78, -73, -87, -77, -77, -73, -74, -84, -84, -78, -78, -78, -78, -74, -74, -74, -85, -85, -85, -74, -85, -85, -78, -78, -74, -74, -85, -85, -85, -73, -73, -73, -85, -77, -78, -77, -74, -77.87394957983193, 5.19
A2, b2, 7, -79, -79, -79, -79, -79, -79, -79, -79, -79, -79, -71, -80, -81, -81, -81, -71, -71, -71, -71, -81, -77, -77, -71, -71, -80, -80, -80, -80, -71, -71, -71, -71, -77, -77, -77, -77, -77, -71, -71, -80, -80, -80, -80, -71, -79, -85, -81, -71, -71, -79, -78, -80, -78, -71, -71, -71, -79, -79, -79, -79, -78, -70, -79, -79, -82, -72, -72, -72, -72, -72, -93, -72, -72, -72, -96, -96, -72, -72, -77, -77, -78, -78, -78, -72, -72, -76, -76, -76, -76, -76, -76, -72, -72, -72, -76, -76, -76, -76, -76, -77, -77, -77, -77, -78, -78, -78, -72, -73, -72, -77, -77, -93, -97, -98, -97, -97, -72, -72, -72, -77.19327731092437, 3.03
C4, b2, 7, -78, -74, -69, -68, -68, -71, -71, -73, -73, -68, -68, -71, -73, -73, -68, -68, -72, -72, -73, -73, -73, -73, -73, -69, -69, -71, -73, -73, -73, -73, -73, -73, -68, -72, -72, -71, -73, -73, -72, -72, -69, -72, -72, -72, -68, -68, -71, -73, -73, -72, -72, -68, -72, -72, -72, -72, -68, -68, -68, -71, -72, -68, -68, -71, -71, -73, -73, -73, -72, -72, -68, -68, -71, -71, -72, -73, -68, -68, -68, -71, -71, -73, -72, -72, -68, -72, -72, -72, -72, -72, -68, -68, -68, -71, -72, -73, -73, -73, -68, -70, -70, -72, -68, -71, -71, -72, -72, -71, -71, -72, -72, -74, -68, -68, -72, -70, -72, -71, -68, -71.02521008403362, 2.04
Bed4, b2, 7, -71, -70, -70, -75, -75, -73, -73, -73, -73, -75, -72, -72, -72, -72, -72, -72, -79, -72, -72, -70, -72, -72, -72, -78, -71, -72, -70, -70, -70, -78, -76, -76, -71, -70, -70, -77, -77, -77, -75, -76, -72, -68, -77, -77, -79, -69, -76, -75, -70, -69, -69, -77, -77, -71, -71, -71, -77, -77, -71, -69, -70, -70, -76, -76, -71, -70, -70, -69, -69, -69, -74, -71, -71, -69, -69, -70, -74, -76, -76, -71, -70, -70, -74, -76, -71, -70, -70, -74, -75, -78, -78, -71, -70, -71, -71, -71, -71, -75, -71, -71, -69, -69, -76, -76, -76, -70, -70, -70, -71, -71, -69, -69, -69, -76, -76, -71, -69, -69, -75, -72.47899159663865, 1.53
Bed10, b2, 7, -62, -69, -69, -60, -61, -62, -62, -71, -61, -61, -72, -77, -77, -60, -60, -60, -60, -60, -58, -58, -60, -62, -61, -62, -62, -70, -74, -63, -70, -70, -69, -63, -72, -62, -62, -71, -71, -61, -63, -63, -64, -64, -71, -61, -61, -61, -61, -71, -71, -62, -60, -73, -74, -64, -62, -61, -62, -61, -72, -72, -71, -71, -62, -66, -64, -65, -65, -62, -62, -72, -62, -62, -61, -60, -60, -74, -64, -64, -62, -61, -73, -63, -63, -63, -70, -70, -63, -63, -62, -62, -61, -65, -65, -64, -64, -72, -61, -61, -71, -65, -65, -73, -72, -63, -62, -63, -61, -69, -60, -64, -64, -62, -72, -62, -62, -62, -61, -64, -64, -64.83193277310924, 7.44
E14, b2, 7, -74, -66, -75, -66, -66, -66, -66, -75, -67, -75, -67, -68, -68, -77, -77, -77, -65, -66, -66, -69, -69, -77, -77, -77, -68, -69, -65, -65, -65, -65, -68, -77, -69, -76, -69, -69, -69, -69, -69, -69, -66, -69, -77, -65, -65, -76, -76, -68, -69, -68, -68, -68, -68, -68, -69, -78, -77, -67, -67, -70, -70, -69, -69, -77, -77, -68, -69, -69, -69, -69, -69, -68, -71, -71, -78, -76, -67, -66, -70, -79, -79, -75, -75, -71, -67, -70, -70, -66, -66, -66, -79, -70, -65, -66, -66, -66, -67, -67, -70, -70, -70, -75, -66, -66, -78, -78, -70, -66, -66, -66, -75, -66, -70, -68, -70, -75, -75, -75, -79, -70.26890756302521, 8.07
E15, b2, 8, -77, -77, -79, -76, -76, -76, -75, -83, -79, -80, -80, -78, -78, -78, -75, -75, -81, -82, -79, -82, -82, -75, -77, -74, -77, -76, -75, -75, -79, -79, -77, -76, -77, -77, -75, -78, -79, -75, -74, -74, -74, -79, -80, -80, -76, -76, -75, -75, -75, -80, -80, -77, -75, -75, -75, -75, -75, -75, -75, -81, -77, -77, -77, -75, -75, -75, -75, -75, -77, -75, -75, -75, -78, -78, -78, -75, -81, -81, -80, -79, -79, -75, -81, -81, -81, -81, -75, -80, -80, -80, -80, -80, -80, -75, -75, -75, -75, -81, -81, -80, -75, -80, -81, -80, -81, -81, -76, -75, -79, -79, -80, -80, -75, -75, -75, -80, -80, -80, -81, -77.61344537815125, 4.85
Bed2, b2, 8, -75, -75, -81, -81, -82, -81, -81, -76, -76, -81, -81, -81, -81, -76, -76, -76, -76, -81, -81, -76, -76, -76, -76, -76, -82, -76, -75, -84, -83, -82, -82, -76, -75, -76, -76, -81, -80, -76, -76, -82, -82, -82, -76, -76, -76, -76, -76, -81, -76, -76, -76, -76, -76, -83, -81, -81, -76, -82, -82, -81, -81, -83, -83, -75, -90, -90, -90, -81, -75, -75, -76, -82, -83, -85, -75, -76, -86, -85, -85, -76, -76, -76, -76, -84, -84, -86, -86, -85, -85, -75, -76, -79, -78, -85, -85, -85, -85, -87, -82, -81, -76, -76, -76, -76, -83, -86, -76, -76, -92, -89, -86, -86, -86, -76, -89, -87, -87, -85, -85, -80.26890756302521, 6.04
A2, b2, 8, -75, -89, -89, -76, -76, -76, -87, -87, -87, -76, -76, -75, -75, -88, -91, -91, -76, -77, -88, -88, -88, -79, -79, -79, -78, -91, -90, -80, -79, -89, -89, -89, -80, -78, -78, -78, -90, -79, -79, -79, -79, -79, -86, -88, -88, -76, -75, -75, -76, -90, -89, -89, -78, -78, -78, -78, -76, -87, -92, -92, -92, -92, -75, -88, -89, -92, -92, -76, -73, -74, -74, -74, -76, -76, -74, -74, -74, -74, -74, -74, -73, -73, -73, -73, -73, -77, -77, -76, -74, -74, -74, -74, -74, -74, -76, -75, -73, -74, -74, -74, -74, -74, -74, -76, -77, -76, -74, -74, -74, -76, -77, -74, -73, -74, -98, -76, -76, -74, -77, -79.52100840336135, 4.35
C4, b2, 8, -70, -70, -83, -85, -71, -75, -75, -88, -88, -88, -72, -72, -78, -73, -74, -74, -75, -74, -74, -74, -74, -75, -74, -85, -85, -85, -85, -74, -75, -75, -85, -85, -85, -73, -73, -75, -75, -85, -73, -73, -74, -75, -85, -85, -73, -74, -75, -85, -73, -74, -75, -85, -85, -71, -73, -76, -76, -87, -87, -87, -73, -76, -76, -87, -86, -73, -73, -76, -87, -86, -86, -73, -75, -75, -86, -86, -74, -72, -76, -87, -87, -73, -73, -76, -77, -77, -77, -73, -73, -73, -73, -75, -76, -87, -87, -87, -73, -73, -73, -87, -86, -86, -86, -73, -73, -73, -73, -76, -76, -88, -87, -87, -87, -73, -73, -76, -75, -75, -87, -78.31932773109244, 3.4
Bed4, b2, 8, -65, -66, -69, -69, -64, -64, -66, -69, -70, -70, -70, -66, -71, -71, -71, -70, -70, -65, -65, -65, -67, -69, -64, -64, -67, -67, -70, -64, -64, -64, -66, -67, -69, -69, -69, -65, -65, -65, -65, -67, -67, -70, -70, -63, -67, -67, -69, -69, -69, -66, -67, -70, -69, -64, -67, -68, -72, -72, -66, -65, -65, -66, -67, -67, -71, -71, -71, -64, -64, -67, -67, -67, -67, -70, -70, -65, -65, -66, -70, -70, -70, -65, -65, -65, -66, -67, -70, -70, -70, -66, -65, -68, -70, -71, -70, -70, -65, -65, -65, -70, -70, -65, -65, -67, -71, -70, -70, -70, -64, -64, -66, -66, -66, -70, -70, -70, -71, -71, -71, -67.56302521008404, 0.67
Bed10, b2, 8, -71, -64, -64, -64, -71, -72, -64, -73, -78, -64, -64, -64, -73, -74, -74, -72, -72, -63, -63, -65, -65, -65, -65, -73, -64, -72, -73, -63, -63, -64, -72, -63, -63, -65, -72, -64, -73, -64, -66, -66, -66, -74, -74, -63, -63, -63, -63, -64, -62, -73, -64, -64, -64, -63, -64, -65, -65, -73, -64, -63, -63, -63, -63, -64, -73, -63, -63, -73, -73, -74, -64, -64, -63, -63, -74, -73, -65, -64, -64, -64, -65, -73, -65, -74, -63, -63, -63, -73, -73, -73, -73, -64, -65, -72, -65, -65, -65, -63, -63, -63, -64, -64, -64, -64, -64, -73, -64, -73, -73, -73, -62, -62, -72, -73, -64, -64, -64, -65, -71, -66.92436974789916, 6.08
E14, b2, 8, -76, -76, -76, -76, -80, -75, -77, -79, -79, -88, -87, -87, -86, -86, -87, -69, -69, -78, -78, -78, -86, -86, -68, -68, -78, -86, -86, -68, -68, -89, -79, -79, -79, -79, -82, -86, -86, -67, -67, -92, -92, -86, -67, -67, -67, -88, -90, -89, -77, -67, -67, -67, -89, -92, -80, -90, -77, -77, -77, -77, -84, -85, -67, -75, -75, -75, -80, -85, -77, -67, -78, -85, -85, -85, -86, -86, -76, -78, -89, -89, -89, -86, -82, -77, -86, -67, -67, -67, -86, -84, -78, -77, -77, -77, -92, -82, -74, -76, -67, -67, -67, -83, -68, -75, -66, -90, -89, -71, -75, -75, -67, -67, -67, -67, -67, -67, -67, -77, -83, -78.16806722689076, 6.95
E15, b2, 9, -83, -83, -83, -66, -67, -65, -75, -75, -75, -75, -66, -76, -80, -80, -65, -66, -67, -72, -73, -73, -79, -79, -67, -67, -73, -73, -73, -67, -73, -77, -82, -82, -67, -67, -74, -74, -74, -81, -82, -82, -66, -74, -74, -74, -74, -67, -67, -74, -84, -80, -80, -66, -66, -67, -67, -76, -82, -66, -66, -75, -85, -85, -85, -85, -66, -66, -67, -67, -84, -86, -86, -86, -86, -67, -75, -76, -76, -83, -83, -66, -75, -84, -82, -82, -66, -75, -76, -76, -82, -82, -82, -82, -82, -85, -66, -67, -67, -84, -83, -66, -76, -76, -76, -76, -76, -67, -67, -73, -73, -82, -79, -79, -66, -66, -66, -80, -80, -79, -79, -74.98319327731092, 5.5
Bed2, b2, 9, -79, -79, -79, -81, -81, -67, -68, -79, -78, -78, -64, -82, -82, -72, -74, -74, -68, -73, -73, -72, -72, -68, -68, -73, -73, -73, -73, -69, -73, -73, -72, -73, -67, -68, -74, -73, -73, -72, -72, -67, -73, -73, -72, -72, -68, -73, -73, -72, -72, -72, -67, -73, -72, -72, -68, -69, -73, -73, -73, -73, -72, -68, -69, -73, -73, -73, -72, -72, -68, -68, -73, -72, -73, -68, -68, -68, -73, -73, -73, -72, -68, -68, -68, -73, -73, -72, -72, -73, -73, -73, -68, -73, -73, -72, -72, -68, -68, -73, -72, -72, -72, -68, -68, -68, -68, -73, -73, -73, -73, -68, -68, -74, -74, -74, -73, -73, -73, -67, -73, -71.9327731092437, 7.05
A2, b2, 9, -82, -81, -81, -81, -71, -71, -80, -80, -80, -79, -79, -79, -72, -72, -80, -79, -79, -79, -79, -71, -72, -72, -80, -80, -80, -80, -80, -79, -79, -71, -80, -80, -81, -81, -81, -71, -80, -79, -79, -79, -79, -71, -71, -79, -79, -78, -78, -78, -78, -78, -71, -71, -71, -71, -79, -78, -78, -79, -78, -78, -79, -79, -79, -79, -78, -78, -78, -70, -78, -79, -78, -70, -70, -70, -78, -78, -78, -78, -78, -78, -78, -78, -71, -78, -78, -78, -78, -78, -78, -78, -70, -78, -74, -74, -74, -70, -78, -74, -77, -77, -77, -70, -71, -71, -78, -78, -78, -78, -78, -70, -78, -78, -79, -79, -70, -71, -71, -71, -74, -76.58823529411765, 5.62
C4, b2, 9, -70, -82, -82, -82, -86, -86, -71, -82, -85, -85, -85, -85, -85, -84, -85, -85, -85, -71, -82, -84, -85, -85, -86, -86, -85, -85, -85, -85, -86, -86, -86, -86, -86, -68, -68, -68, -68, -79, -81, -81, -82, -70, -82, -81, -77, -85, -85, -85, -70, -81, -81, -86, -86, -70, -81, -81, -80, -88, -88, -87, -87, -70, -80, -80, -85, -85, -85, -70, -81, -81, -81, -81, -82, -82, -70, -70, -70, -81, -82, -82, -82, -70, -70, -70, -81, -84, -84, -70, -81, -81, -85, -85, -70, -82, -81, -85, -86, -86, -70, -81, -85, -86, -71, -71, -81, -85, -70, -70, -70, -82, -83, -83, -70, -70, -70, -81, -81, -81, -81, -80.10924369747899, 4.67
Bed4, b2, 9, -57, -61, -67, -66, -66, -57, -60, -59, -59, -62, -62, -67, -59, -63, -63, -64, -67, -67, -67, -67, -60, -59, -59, -59, -67, -60, -60, -60, -65, -65, -68, -67, -67, -61, -65, -65, -65, -57, -61, -61, -66, -58, -57, -64, -64, -64, -68, -59, -59, -63, -67, -67, -60, -60, -63, -63, -63, -67, -60, -60, -63, -63, -67, -60, -60, -60, -60, -59, -64, -68, -67, -59, -64, -64, -67, -59, -59, -67, -60, -58, -63, -63, -63, -67, -68, -60, -60, -63, -67, -67, -59, -64, -64, -67, -67, -67, -67, -61, -62, -62, -62, -67, -66, -66, -57, -61, -66, -66, -58, -57, -61, -61, -61, -66, -66, -66, -58, -57, -61, -62.81512605042017, 1.38
Bed10, b2, 9, -77, -77, -67, -76, -76, -60, -60, -69, -70, -78, -74, -66, -60, -60, -79, -68, -74, -59, -59, -68, -68, -66, -69, -69, -60, -71, -75, -61, -61, -72, -72, -66, -66, -75, -75, -75, -61, -72, -75, -75, -75, -76, -66, -66, -60, -69, -68, -81, -76, -76, -59, -61, -60, -73, -66, -67, -67, -60, -60, -69, -68, -68, -71, -74, -74, -60, -60, -78, -70, -70, -70, -61, -60, -59, -59, -59, -66, -66, -59, -59, -69, -78, -68, -66, -66, -66, -61, -69, -69, -66, -66, -59, -68, -68, -77, -78, -70, -66, -66, -68, -60, -78, -78, -70, -69, -69, -75, -75, -60, -68, -68, -79, -75, -75, -75, -72, -75, -74, -66, -68.50420168067227, 4.8
E14, b2, 9, -86, -79, -85, -76, -76, -85, -85, -85, -80, -80, -70, -85, -66, -66, -70, -87, -87, -67, -66, -78, -78, -70, -70, -86, -86, -86, -86, -67, -79, -79, -85, -85, -66, -66, -69, -69, -78, -78, -66, -66, -69, -86, -86, -67, -78, -71, -77, -77, -76, -75, -70, -71, -85, -85, -66, -66, -66, -84, -85, -85, -66, -78, -78, -86, -86, -71, -80, -80, -80, -78, -78, -70, -70, -85, -85, -85, -85, -85, -66, -76, -71, -71, -71, -76, -76, -76, -80, -84, -84, -67, -67, -71, -71, -86, -84, -67, -67, -85, -85, -66, -79, -80, -80, -85, -85, -67, -76, -68, -68, -70, -81, -77, -75, -75, -67, -66, -66, -76, -86, -76.46218487394958, 6.06
E15, b2, 10, -76, -79, -73, -74, -77, -76, -76, -80, -76, -74, -73, -76, -82, -77, -74, -75, -77, -76, -76, -76, -81, -81, -81, -74, -74, -74, -76, -78, -80, -77, -74, -74, -74, -77, -80, -80, -80, -76, -81, -81, -75, -74, -77, -77, -80, -81, -81, -75, -77, -77, -80, -80, -79, -75, -74, -77, -80, -80, -80, -74, -74, -77, -80, -74, -74, -77, -77, -77, -80, -80, -80, -74, -76, -77, -81, -81, -80, -74, -79, -79, -78, -78, -84, -74, -75, -74, -78, -78, -77, -77, -77, -77, -77, -74, -77, -77, -77, -80, -74, -74, -77, -80, -80, -74, -77, -81, -81, -74, -74, -77, -78, -77, -81, -81, -80, -74, -77, -77, -80, -77.28571428571429, 6.4
Bed2, b2, 10, -76, -82, -80, -83, -83, -80, -80, -80, -88, -88, -88, -88, -80, -82, -80, -81, -77, -77, -77, -86, -81, -81, -88, -84, -84, -84, -95, -92, -83, -87, -86, -86, -82, -82, -90, -87, -88, -83, -87, -89, -89, -89, -89, -84, -86, -86, -84, -83, -91, -86, -85, -84, -84, -85, -88, -88, -86, -86, -83, -83, -87, -87, -85, -86, -86, -86, -86, -86, -84, -84, -91, -91, -91, -91, -91, -85, -82, -83, -83, -85, -84, -84, -84, -84, -84, -84, -86, -86, -86, -88, -94, -92, -91, -85, -85, -86, -86, -92, -92, -85, -85, -85, -85, -88, -85, -91, -91, -86, -86, -85, -91, -86, -86, -84, -83, -83, -83, -85, -85, -85.50420168067227, 8.2
A2, b2, 10, -73, -73, -73, -77, -77, -78, -72, -76, -76, -76, -80, -73, -77, -77, -79, -80, -80, -82, -73, -73, -77, -77, -76, -76, -79, -73, -73, -77, -79, -78, -73, -77, -78, -78, -73, -78, -78, -78, -79, -73, -73, -73, -78, -78, -78, -73, -73, -78, -78, -78, -74, -73, -76, -80, -80, -74, -74, -76, -76, -76, -76, -76, -81, -80, -73, -77, -77, -80, -82, -80, -73, -76, -76, -77, -77, -78, -73, -73, -73, -73, -73, -77, -79, -77, -77, -73, -72, -72, -72, -78, -78, -73, -73, -73, -73, -73, -77, -77, -77, -73, -73, -77, -77, -77, -77, -77, -72, -78, -78, -78, -78, -77, -73, -73, -73, -77, -77, -77, -73, -76, 6.98
C4, b2, 10, -77, -78, -92, -77, -77, -77, -77, -77, -78, -92, -92, -92, -76, -76, -77, -91, -89, -91, -74, -74, -78, -93, -79, -80, -80, -92, -78, -78, -78, -78, -78, -91, -91, -79, -79, -79, -78, -78, -78, -78, -92, -93, -78, -78, -78, -78, -92, -92, -79, -79, -78, -78, -78, -78, -78, -79, -79, -78, -78, -78, -78, -79, -78, -79, -78, -96, -94, -78, -78, -78, -78, -94, -94, -78, -78, -78, -78, -92, -77, -78, -78, -78, -96, -95, -95, -78, -78, -78, -78, -78, -95, -95, -78, -78, -74, -74, -92, -90, -90, -91, -91, -78, -79, -78, -79, -93, -74, -74, -80, -89, -89, -76, -77, -77, -78, -77, -90, -89, -90, -82.0672268907563, 6.04
Bed4, b2, 10, -72, -72, -83, -68, -68, -72, -84, -85, -68, -68, -72, -84, -85, -85, -68, -68, -68, -68, -68, -82, -79, -78, -69, -73, -73, -73, -81, -81, -81, -68, -68, -72, -72, -72, -68, -69, -71, -71, -72, -80, -80, -81, -81, -68, -68, -81, -80, -81, -77, -77, -68, -68, -68, -71, -72, -81, -68, -69, -69, -71, -71, -71, -68, -71, -71, -79, -77, -77, -69, -72, -81, -80, -80, -80, -80, -68, -68, -72, -72, -80, -68, -72, -81, -81, -68, -68, -71, -71, -80, -80, -68, -71, -71, -71, -79, -80, -68, -71, -71, -81, -68, -71, -80, -80, -81, -81, -81, -81, -71, -71, -80, -79, -80, -80, -80, -69, -71, -81, -82, -74.47899159663865, 2.67
Bed10, b2, 10, -71, -60, -63, -64, -64, -65, -59, -59, -60, -70, -61, -58, -68, -69, -61, -61, -61, -61, -69, -61, -61, -61, -69, -70, -70, -61, -61, -70, -61, -71, -71, -60, -60, -61, -61, -70, -62, -61, -61, -61, -62, -69, -69, -62, -62, -69, -69, -70, -61, -61, -61, -61, -61, -61, -61, -71, -62, -61, -61, -70, -71, -61, -61, -63, -62, -70, -61, -61, -62, -71, -61, -62, -71, -62, -61, -62, -62, -62, -63, -62, -62, -62, -62, -65, -63, -63, -61, -61, -65, -73, -73, -61, -62, -63, -63, -72, -61, -61, -73, -63, -63, -63, -63, -62, -72, -72, -63, -63, -63, -62, -62, -63, -72, -67, -63, -70, -69, -68, -68, -64.2016806722689, 3.44
E14, b2, 10, -70, -70, -72, -71, -69, -82, -82, -72, -62, -70, -69, -70, -70, -71, -62, -62, -70, -78, -79, -79, -79, -79, -71, -77, -78, -74, -73, -73, -73, -63, -62, -80, -80, -89, -63, -63, -79, -79, -69, -69, -69, -69, -69, -70, -70, -83, -83, -62, -62, -77, -77, -77, -77, -77, -63, -71, -72, -72, -72, -72, -64, -70, -78, -78, -62, -62, -72, -62, -70, -70, -70, -63, -72, -72, -72, -72, -72, -72, -69, -69, -69, -69, -69, -69, -70, -70, -70, -70, -63, -72, -72, -72, -69, -85, -85, -63, -63, -63, -63, -63, -63, -63, -63, -72, -80, -70, -70, -63, -63, -72, -72, -68, -68, -68, -63, -72, -82, -82, -82, -71.11764705882354, 5.27
E15, b2, 11, -78, -78, -78, -81, -83, -83, -86, -86, -91, -78, -78, -82, -82, -83, -86, -86, -78, -78, -80, -80, -80, -86, -86, -79, -86, -84, -84, -79, -79, -87, -86, -87, -87, -87, -87, -77, -77, -82, -82, -93, -92, -92, -92, -92, -83, -84, -84, -92, -92, -91, -78, -78, -84, -84, -85, -91, -90, -90, -77, -83, -85, -85, -85, -85, -88, -88, -78, -78, -87, -87, -87, -87, -87, -87, -87, -89, -89, -78, -80, -85, -85, -85, -90, -79, -79, -88, -90, -78, -78, -78, -88, -88, -88, -91, -91, -79, -79, -78, -89, -89, -92, -90, -89, -74, -83, -83, -87, -87, -78, -85, -85, -92, -78, -79, -86, -86, -90, -89, -90, -84.52941176470588, 6.82
Bed2, b2, 11, -82, -82, -81, -81, -81, -81, -83, -82, -82, -82, -82, -82, -81, -80, -80, -80, -80, -82, -82, -77, -77, -77, -77, -80, -80, -80, -80, -80, -87, -90, -90, -90, -90, -90, -87, -91, -91, -91, -91, -88, -86, -88, -89, -89, -89, -89, -89, -88, -87, -87, -90, -87, -88, -88, -88, -88, -86, -86, -88, -88, -88, -88, -89, -89, -89, -86, -86, -87, -88, -88, -89, -89, -89, -87, -87, -89, -88, -88, -88, -88, -87, -88, -88, -89, -89, -89, -89, -86, -86, -86, -86, -86, -86, -86, -87, -87, -87, -89, -88, -86, -86, -86, -86, -88, -87, -88, -86, -86, -86, -88, -88, -88, -86, -86, -86, -86, -86, -86, -86, -86.03361344537815, 8.86
A2, b2, 11, -90, -78, -78, -78, -89, -88, -89, -74, -74, -99, -88, -88, -88, -94, -86, -86, -77, -90, -90, -88, -88, -77, -88, -88, -86, -78, -77, -90, -90, -90, -87, -78, -78, -90, -89, -90, -85, -89, -89, -78, -90, -90, -91, -87, -87, -87, -88, -90, -89, -89, -88, -88, -88, -88, -76, -77, -89, -89, -89, -77, -77, -91, -87, -87, -77, -93, -93, -90, -92, -88, -77, -89, -90, -89, -89, -89, -77, -78, -91, -91, -87, -77, -78, -78, -78, -95, -95, -92, -91, -90, -90, -90, -79, -92, -92, -92, -91, -80, -80, -91, -91, -93, -93, -79, -91, -92, -92, -92, -92, -92, -79, -79, -79, -79, -80, -80, -96, -93, -89, -86.45378151260505, 8.0
C4, b2, 11, -85, -88, -89, -92, -92, -92, -84, -84, -84, -88, -89, -98, -98, -86, -86, -86, -87, -86, -86, -86, -86, -86, -85, -85, -85, -86, -86, -86, -86, -85, -85, -86, -94, -94, -80, -83, -83, -83, -83, -83, -85, -84, -84, -85, -85, -85, -96, -96, -96, -86, -86, -87, -87, -86, -86, -85, -92, -92, -98, -98, -98, -88, -85, -86, -87, -94, -92, -92, -84, -85, -85, -85, -85, -85, -85, -86, -85, -94, -94, -85, -85, -86, -86, -95, -95, -84, -84, -84, -86, -85, -93, -93, -86, -86, -86, -91, -92, -80, -84, -84, -86, -86, -86, -86, -84, -84, -85, -85, -86, -93, -92, -90, -83, -83, -83, -83, -83, -83, -86, -87.28571428571429, 7.15
Bed4, b2, 11, -75, -75, -78, -77, -77, -77, -77, -82, -74, -75, -75, -76, -76, -76, -81, -81, -74, -76, -76, -82, -81, -81, -81, -81, -76, -77, -77, -74, -76, -76, -75, -76, -76, -81, -75, -75, -75, -75, -80, -80, -74, -75, -75, -75, -81, -80, -80, -74, -74, -74, -74, -74, -75, -75, -80, -80, -80, -80, -74, -75, -74, -74, -80, -73, -74, -75, -75, -75, -75, -80, -73, -73, -75, -76, -80, -80, -80, -79, -73, -73, -75, -75, -75, -80, -80, -80, -80, -73, -75, -75, -80, -74, -74, -74, -74, -80, -74, -74, -73, -79, -79, -74, -74, -74, -74, -80, -80, -80, -73, -73, -74, -74, -80, -80, -80, -74, -74, -75, -75, -76.5126050420168, 3.86
Bed10, b2, 11, -69, -69, -63, -63, -64, -72, -64, -69, -63, -63, -63, -62, -60, -61, -70, -71, -75, -75, -63, -60, -60, -60, -73, -73, -73, -70, -64, -64, -64, -63, -64, -63, -61, -60, -63, -63, -63, -63, -62, -62, -61, -63, -63, -63, -63, -63, -63, -63, -61, -61, -63, -63, -69, -69, -69, -60, -61, -65, -75, -61, -61, -61, -64, -63, -61, -61, -65, -63, -64, -61, -70, -74, -65, -65, -65, -64, -64, -64, -64, -73, -73, -70, -70, -65, -64, -64, -61, -61, -75, -73, -64, -63, -62, -60, -60, -73, -73, -69, -60, -65, -64, -70, -70, -61, -74, -74, -73, -64, -73, -73, -73, -64, -63, -73, -64, -61, -64, -64, -73, -65.52941176470588, 2.38
E14, b2, 11, -79, -73, -73, -73, -69, -68, -68, -72, -72, -72, -69, -69, -84, -84, -92, -70, -79, -85, -85, -85, -91, -91, -69, -78, -77, -77, -77, -77, -75, -70, -70, -70, -79, -79, -76, -77, -80, -94, -94, -94, -85, -85, -85, -79, -64, -62, -71, -70, -68, -68, -68, -75, -63, -64, -79, -70, -70, -70, -64, -63, -64, -71, -70, -80, -80, -80, -73, -85, -78, -70, -92, -89, -80, -80, -64, -70, -69, -69, -91, -91, -64, -71, -70, -70, -74, -74, -74, -69, -69, -69, -69, -66, -69, -69, -69, -93, -91, -91, -69, -69, -69, -82, -82, -78, -78, -91, -76, -76, -69, -90, -66, -69, -70, -90, -82, -82, -82, -82, -69, -75.85714285714286, 4.25
E15, b2, 12, -89, -94, -94, -88, -89, -95, -95, -95, -95, -95, -95, -95, -88, -88, -88, -88, -88, -88, -91, -91, -91, -92, -92, -92, -92, -92, -92, -90, -90, -90, -90, -90, -90, -90, -90, -92, -92, -92, -92, -92, -92, -92, -89, -89, -89, -87, -87, -87, -87, -84, -84, -84, -84, -84, -84, -84, -85, -82, -85, -87, -94, -94, -94, -94, -94, -86, -86, -87, -86, -86, -97, -97, -86, -86, -86, -97, -94, -93, -93, -85, -85, -85, -94, -94, -94, -87, -87, -87, -95, -95, -95, -95, -95, -88, -88, -88, -88, -88, -86, -87, -94, -94, -94, -86, -96, -92, -92, -92, -93, -93, -93, -93, -93, -93, -92, -94, -94, -94, -94, -90.4201680672269, 6.28
Bed2, b2, 12, -85, -85, -80, -80, -89, -88, -77, -81, -91, -91, -86, -87, -81, -81, -81, -81, -88, -88, -88, -88, -88, -87, -82, -82, -84, -83, -91, -85, -86, -81, -82, -82, -82, -85, -83, -83, -90, -85, -85, -83, -83, -89, -89, -85, -85, -82, -82, -82, -89, -89, -86, -82, -91, -85, -86, -86, -81, -90, -90, -85, -81, -82, -90, -86, -87, -87, -89, -89, -85, -83, -82, -82, -91, -89, -85, -85, -90, -90, -90, -87, -87, -82, -82, -82, -82, -82, -86, -86, -86, -82, -81, -82, -82, -82, -82, -87, -89, -83, -80, -81, -81, -81, -81, -82, -81, -82, -81, -81, -82, -82, -82, -82, -81, -81, -81, -81, -81, -82, -82, -84.41176470588235, 8.5
A2, b2, 12, -86, -89, -89, -89, -94, -94, -89, -89, -89, -93, -93, -93, -93, -93, -88, -89, -90, -90, -90, -90, -90, -90, -90, -90, -93, -93, -93, -93, -93, -89, -89, -93, -91, -91, -91, -89, -89, -89, -89, -89, -89, -89, -90, -90, -90, -90, -90, -90, -88, -89, -88, -93, -93, -93, -93, -88, -88, -88, -92, -92, -92, -88, -88, -95, -95, -95, -95, -93, -93, -93, -93, -93, -91, -92, -92, -92, -92, -88, -88, -88, -88, -88, -88, -88, -88, -88, -88, -88, -89, -89, -89, -90, -90, -90, -90, -91, -91, -88, -88, -88, -88, -88, -90, -88, -89, -89, -88, -88, -88, -94, -94, -90, -90, -90, -91, -91, -91, -90, -90, -90.3109243697479, 8.07
C4, b2, 12, -80, -80, -88, -88, -88, -80, -80, -83, -90, -90, -90, -90, -90, -84, -85, -91, -91, -91, -91, -91, -83, -85, -90, -90, -90, -90, -90, -91, -94, -94, -94, -94, -85, -93, -93, -93, -93, -93, -85, -85, -94, -96, -85, -86, -86, -95, -93, -93, -93, -93, -93, -93, -85, -90, -89, -90, -96, -96, -96, -85, -92, -92, -91, -91, -88, -88, -88, -88, -98, -98, -94, -94, -94, -85, -85, -85, -85, -85, -85, -92, -92, -94, -94, -97, -93, -85, -85, -85, -96, -96, -96, -96, -96, -85, -85, -85, -85, -85, -85, -85, -85, -83, -84, -94, -96, -96, -96, -96, -84, -84, -94, -94, -84, -85, -84, -84, -91, -91, -92, -89.6470588235294, 7.36
Bed4, b2, 12, -76, -74, -74, -79, -79, -79, -79, -79, -70, -70, -75, -75, -75, -78, -79, -81, -81, -81, -71, -76, -78, -78, -78, -78, -76, -79, -79, -79, -79, -74, -75, -77, -77, -77, -77, -76, -75, -75, -75, -79, -80, -79, -79, -76, -77, -80, -80, -70, -71, -71, -71, -76, -79, -79, -79, -79, -70, -70, -70, -75, -75, -78, -70, -70, -70, -75, -75, -79, -79, -78, -78, -69, -69, -75, -75, -78, -70, -69, -69, -75, -74, -78, -69, -69, -69, -75, -78, -79, -79, -79, -69, -75, -75, -78, -70, -75, -75, -75, -78, -78, -74, -76, -76, -76, -76, -79, -75, -76, -79, -79, -75, -76, -79, -79, -79, -79, -77, -80, -80, -75.84873949579831, 4.33
Bed10, b2, 12, -60, -58, -56, -57, -57, -70, -68, -59, -60, -68, -69, -69, -64, -72, -67, -69, -60, -70, -70, -70, -70, -66, -61, -61, -61, -63, -57, -57, -61, -61, -61, -61, -66, -57, -66, -61, -70, -70, -70, -70, -70, -57, -60, -70, -70, -62, -57, -63, -63, -72, -71, -61, -58, -74, -74, -61, -58, -58, -60, -60, -60, -71, -62, -62, -58, -60, -71, -70, -70, -67, -67, -62, -61, -71, -67, -66, -70, -61, -61, -66, -66, -60, -62, -66, -57, -59, -69, -60, -60, -60, -60, -61, -60, -60, -60, -60, -61, -61, -61, -61, -63, -69, -69, -58, -58, -58, -67, -58, -58, -63, -63, -63, -63, -63, -62, -58, -64, -64, -64, -63.47899159663866, 2.71
E14, b2, 12, -68, -68, -68, -58, -58, -58, -71, -82, -68, -76, -68, -68, -59, -58, -71, -76, -68, -58, -59, -67, -72, -81, -68, -58, -58, -72, -68, -68, -67, -81, -71, -71, -76, -58, -67, -82, -71, -82, -82, -82, -57, -58, -73, -83, -83, -69, -69, -67, -84, -75, -75, -78, -78, -66, -85, -77, -71, -69, -69, -70, -57, -57, -67, -74, -84, -69, -78, -58, -58, -84, -75, -84, -84, -84, -58, -67, -76, -77, -69, -69, -69, -69, -69, -58, -67, -67, -74, -83, -83, -58, -58, -83, -77, -70, -70, -70, -70, -57, -85, -83, -73, -80, -80, -57, -67, -71, -77, -77, -58, -72, -81, -81, -68, -67, -67, -76, -76, -58, -80, -70.8655462184874, 3.28
E15, b2, 13, -89, -88, -88, -79, -80, -80, -80, -80, -91, -91, -80, -80, -89, -89, -89, -89, -89, -80, -80, -85, -89, -90, -90, -90, -80, -80, -82, -82, -90, -82, -81, -81, -85, -83, -91, -77, -77, -84, -84, -84, -88, -81, -81, -82, -89, -89, -80, -85, -85, -85, -90, -90, -90, -90, -85, -85, -91, -89, -77, -80, -80, -85, -85, -85, -80, -80, -80, -84, -84, -84, -84, -84, -80, -85, -85, -89, -89, -79, -84, -84, -84, -84, -78, -78, -79, -79, -83, -83, -89, -89, -79, -83, -90, -88, -79, -79, -82, -80, -80, -79, -79, -82, -91, -92, -92, -79, -81, -81, -81, -89, -81, -83, -79, -79, -88, -81, -82, -82, -82, -83.94117647058823, 5.85
Bed2, b2, 13, -84, -84, -84, -84, -84, -83, -82, -82, -82, -82, -82, -82, -82, -85, -85, -85, -85, -85, -84, -80, -86, -84, -84, -84, -85, -86, -86, -86, -86, -86, -85, -85, -84, -84, -89, -93, -84, -85, -85, -85, -85, -85, -89, -91, -90, -90, -91, -82, -81, -83, -83, -83, -83, -80, -80, -85, -92, -92, -85, -85, -85, -77, -80, -85, -85, -85, -85, -80, -87, -87, -87, -81, -81, -87, -87, -86, -86, -86, -86, -86, -81, -81, -87, -87, -87, -87, -87, -80, -79, -79, -79, -79, -79, -79, -79, -79, -80, -80, -80, -80, -80, -80, -80, -80, -80, -82, -82, -82, -81, -89, -89, -82, -82, -82, -89, -89, -82, -82, -82, -83.91596638655462, 8.21
A2, b2, 13, -79, -79, -82, -82, -79, -81, -81, -80, -81, -78, -78, -82, -82, -82, -81, -80, -83, -83, -83, -83, -81, -83, -83, -86, -85, -81, -77, -82, -82, -86, -86, -85, -85, -77, -82, -82, -85, -85, -81, -81, -77, -81, -82, -82, -82, -82, -83, -82, -83, -83, -81, -81, -85, -86, -85, -85, -82, -84, -85, -86, -86, -81, -86, -85, -85, -81, -85, -85, -84, -85, -85, -84, -84, -86, -86, -86, -78, -84, -82, -83, -83, -82, -81, -78, -78, -79, -78, -80, -80, -82, -82, -78, -78, -77, -77, -83, -82, -85, -80, -81, -81, -81, -84, -85, -80, -80, -83, -82, -82, -85, -83, -82, -85, -82, -86, -82, -85, -82, -82, -82.25210084033614, 8.22
C4, b2, 13, -82, -82, -85, -85, -90, -80, -80, -83, -83, -83, -92, -80, -79, -79, -89, -87, -87, -92, -92, -79, -79, -88, -88, -92, -92, -79, -89, -87, -88, -88, -79, -79, -88, -89, -89, -89, -89, -89, -79, -79, -87, -87, -92, -92, -92, -79, -87, -87, -87, -87, -87, -87, -88, -88, -94, -93, -91, -95, -94, -94, -79, -79, -88, -93, -79, -79, -88, -89, -89, -89, -89, -77, -80, -87, -86, -96, -93, -93, -93, -94, -94, -89, -88, -93, -93, -79, -79, -79, -89, -89, -89, -89, -80, -79, -90, -90, -94, -80, -81, -89, -89, -92, -96, -80, -80, -88, -88, -88, -81, -82, -77, -89, -96, -92, -89, -89, -87, -87, -96, -86.84873949579831, 7.68
Bed4, b2, 13, -76, -68, -74, -75, -75, -69, -69, -74, -76, -76, -69, -74, -74, -75, -71, -70, -77, -78, -78, -71, -71, -71, -72, -72, -77, -77, -77, -77, -72, -72, -78, -77, -77, -77, -73, -72, -77, -77, -77, -78, -72, -72, -78, -78, -77, -72, -72, -77, -78, -77, -77, -77, -77, -73, -73, -78, -77, -77, -77, -77, -72, -70, -70, -76, -76, -71, -76, -75, -76, -76, -73, -73, -75, -76, -77, -77, -77, -70, -70, -70, -70, -70, -70, -76, -78, -78, -70, -76, -76, -78, -78, -78, -70, -76, -76, -76, -76, -76, -76, -76, -77, -77, -70, -70, -76, -77, -77, -77, -76, -78, -77, -70, -70, -70, -75, -75, -77, -77, -77, -74.66386554621849, 4.95
Bed10, b2, 13, -60, -72, -72, -57, -68, -62, -63, -63, -65, -59, -59, -69, -60, -66, -68, -70, -60, -65, -56, -56, -68, -68, -70, -61, -56, -65, -65, -60, -60, -59, -69, -69, -56, -67, -67, -58, -68, -68, -68, -68, -55, -64, -64, -58, -58, -61, -61, -61, -69, -65, -65, -58, -61, -59, -64, -55, -67, -69, -69, -69, -69, -60, -69, -69, -69, -56, -55, -55, -60, -59, -60, -65, -65, -65, -58, -68, -60, -60, -55, -56, -59, -57, -68, -59, -59, -59, -63, -66, -66, -57, -57, -68, -68, -56, -66, -66, -60, -60, -60, -59, -59, -55, -66, -67, -67, -67, -56, -56, -67, -66, -67, -67, -60, -69, -60, -60, -60, -60, -58, -62.73109243697479, 3.39
E14, b2, 13, -80, -74, -64, -79, -74, -62, -62, -62, -62, -64, -75, -75, -79, -72, -62, -62, -72, -73, -73, -68, -82, -70, -82, -73, -68, -68, -82, -82, -73, -63, -68, -68, -74, -82, -82, -73, -75, -67, -67, -83, -65, -65, -67, -67, -67, -83, -64, -64, -76, -76, -75, -75, -64, -64, -64, -82, -84, -84, -84, -64, -67, -67, -75, -64, -64, -73, -64, -67, -75, -66, -84, -75, -86, -65, -65, -66, -66, -76, -85, -77, -64, -64, -66, -76, -84, -84, -64, -74, -66, -66, -76, -76, -65, -66, -76, -85, -85, -75, -67, -66, -75, -84, -84, -84, -67, -76, -87, -87, -73, -64, -67, -81, -85, -85, -64, -66, -67, -75, -78, -72.52941176470588, 2.42
E15, b2, 14, -82, -84, -85, -81, -79, -79, -79, -79, -85, -81, -81, -80, -80, -80, -82, -82, -82, -82, -82, -79, -85, -85, -86, -85, -77, -82, -82, -79, -84, -82, -79, -79, -79, -83, -83, -83, -79, -83, -82, -85, -85, -81, -79, -79, -83, -82, -83, -79, -79, -84, -84, -84, -84, -82, -81, -81, -78, -79, -88, -84, -84, -78, -78, -84, -84, -82, -82, -82, -79, -79, -85, -81, -81, -79, -85, -85, -82, -82, -82, -78, -78, -86, -86, -86, -86, -78, -78, -78, -86, -82, -82, -82, -78, -78, -86, -83, -83, -82, -83, -74, -74, -74, -86, -86, -82, -82, -84, -78, -87, -85, -85, -77, -77, -77, -77, -84, -83, -78, -77, -81.5546218487395, 5.6
Bed2, b2, 14, -80, -81, -82, -86, -86, -86, -86, -81, -81, -83, -81, -86, -79, -81, -82, -86, -80, -80, -80, -86, -80, -80, -80, -81, -81, -81, -81, -81, -85, -86, -80, -80, -81, -77, -77, -77, -80, -81, -86, -85, -85, -80, -79, -79, -80, -81, -80, -86, -86, -80, -80, -80, -81, -81, -79, -80, -87, -84, -87, -80, -80, -80, -85, -85, -86, -85, -85, -85, -81, -85, -86, -81, -81, -81, -79, -80, -85, -85, -81, -81, -79, -81, -80, -86, -86, -80, -80, -80, -80, -80, -80, -85, -81, -81, -81, -81, -80, -80, -80, -80, -85, -85, -79, -79, -80, -86, -86, -78, -80, -80, -77, -85, -85, -79, -79, -80, -79, -79, -86, -81.78991596638656, 8.08
C4, b2, 14, -90, -90, -81, -80, -80, -86, -93, -95, -94, -77, -77, -77, -85, -94, -94, -80, -80, -79, -85, -85, -85, -92, -96, -96, -80, -80, -86, -86, -93, -94, -79, -79, -86, -86, -95, -79, -79, -78, -85, -85, -92, -79, -79, -85, -92, -93, -92, -79, -85, -85, -92, -92, -79, -79, -85, -85, -85, -85, -79, -78, -85, -85, -85, -94, -94, -79, -79, -79, -79, -95, -79, -79, -85, -85, -85, -85, -79, -79, -85, -85, -79, -79, -79, -85, -85, -85, -91, -94, -78, -84, -84, -94, -94, -92, -79, -79, -84, -85, -94, -94, -79, -78, -79, -85, -85, -85, -85, -79, -85, -85, -85, -85, -85, -95, -96, -96, -78, -84, -85, -85.15126050420169, 8.15
Bed4, b2, 14, -75, -75, -79, -78, -78, -72, -72, -73, -79, -78, -76, -69, -69, -69, -73, -72, -79, -71, -71, -73, -73, -81, -70, -71, -70, -71, -70, -73, -73, -82, -81, -70, -71, -73, -73, -70, -70, -73, -73, -80, -80, -71, -70, -70, -73, -73, -73, -73, -70, -70, -73, -73, -73, -73, -73, -73, -70, -73, -73, -73, -73, -81, -77, -80, -80, -80, -80, -81, -70, -70, -73, -73, -81, -81, -81, -70, -70, -70, -71, -73, -77, -77, -77, -70, -70, -73, -72, -81, -81, -70, -73, -73, -73, -81, -80, -81, -70, -70, -82, -79, -80, -80, -80, -80, -72, -72, -72, -71, -78, -78, -71, -79, -75, -75, -75, -75, -75, -69, -70, -74.3781512605042, 5.73
Bed10, b2, 14, -70, -57, -71, -61, -61, -59, -68, -71, -70, -70, -59, -71, -71, -61, -61, -66, -57, -57, -72, -72, -60, -60, -57, -64, -72, -63, -60, -65, -66, -63, -60, -60, -66, -64, -63, -63, -60, -60, -57, -63, -61, -70, -60, -60, -56, -56, -63, -63, -64, -63, -71, -61, -58, -58, -66, -73, -73, -73, -71, -71, -71, -71, -63, -63, -61, -61, -57, -67, -73, -73, -62, -62, -58, -64, -62, -61, -61, -61, -58, -58, -57, -73, -71, -61, -62, -62, -57, -65, -63, -63, -67, -67, -64, -63, -63, -71, -62, -62, -68, -68, -68, -63, -72, -61, -58, -67, -63, -63, -71, -71, -57, -57, -62, -63, -63, -60, -66, -66, -66, -63.99159663865546, 4.23
E14, b2, 14, -62, -62, -60, -62, -62, -63, -63, -64, -68, -59, -63, -63, -63, -65, -65, -64, -75, -68, -60, -61, -61, -73, -73, -65, -60, -60, -65, -74, -70, -70, -70, -62, -62, -62, -62, -74, -74, -70, -61, -72, -63, -72, -75, -75, -70, -60, -63, -63, -63, -63, -72, -72, -72, -69, -56, -56, -61, -63, -62, -62, -69, -61, -61, -63, -61, -60, -71, -61, -71, -71, -73, -73, -73, -73, -61, -70, -64, -64, -73, -73, -71, -63, -63, -63, -68, -68, -61, -61, -61, -61, -61, -63, -60, -60, -60, -61, -61, -61, -61, -63, -61, -61, -61, -61, -61, -61, -73, -73, -60, -60, -61, -61, -61, -73, -72, -59, -69, -69, -60, -65.02521008403362, 1.77
